episode,reward,loss,portfolio_return,market_return,excess_return,steps,q_value,epsilon
1,-3.2058266693856123,0.0001339930876751206,-0.9595,0.7951,-1.7546,8759,0.06799634412813131,0.995
2,-2.764051417357662,9.005573866428583e-05,-0.937,0.7951,-1.7321,8759,0.08358879794145177,0.990025
3,-2.2104979441891945,9.502450207981711e-05,-0.8904000000000001,0.7951,-1.6855000000000002,8759,0.06100923190505173,0.985074875
4,-2.2994441377338033,9.153372605514371e-05,-0.8996999999999999,0.7951,-1.6947999999999999,8759,0.038595771627337544,0.9801495006250001
5,-2.6210377943436822,8.98057445989929e-05,-0.9273,0.7951,-1.7224,8759,0.02414178951829587,0.9752487531218751
6,-1.8180531231411783,8.798293592534464e-05,-0.8377,0.7951,-1.6328,8759,0.019649870489534822,0.9703725093562657
7,-1.2981522991304666,8.778331628160882e-05,-0.727,0.7951,-1.5221,8759,0.02330728105070221,0.9655206468094844
8,-2.353936535159792,8.636371494501615e-05,-0.905,0.7951,-1.7001,8759,0.021797614416866926,0.960693043575437
9,-3.284513149402005,8.467460746849862e-05,-0.9625,0.7951,-1.7576,8759,0.010881057268752669,0.9558895783575597
10,-4.211465230593445,8.581754207434371e-05,-0.9852,0.7951,-1.7803,8759,0.007069967264797143,0.9511101304657719
11,-2.8185110722496995,8.487539281239323e-05,-0.9403,0.7951,-1.7354,8759,-0.0015210455923826813,0.946354579813443
12,-2.705101135181753,8.552884590179917e-05,-0.9331,0.7951,-1.7282000000000002,8759,-0.0032213466495653173,0.9416228069143757
13,-2.4517788897083213,8.51637651312046e-05,-0.9139,0.7951,-1.709,8759,-0.007008410662749489,0.9369146928798039
14,-3.478649733989233,8.71734319175512e-05,-0.9692000000000001,0.7951,-1.7643,8759,-0.008436810889369904,0.9322301194154049
15,-3.4441719022393325,8.749721127327976e-05,-0.9681000000000001,0.7951,-1.7632,8759,-0.003868564405334038,0.9275689688183278
16,-2.858482097696118,8.533616194088722e-05,-0.9426000000000001,0.7951,-1.7377000000000002,8759,-0.0067210153339830265,0.9229311239742362
17,-2.464028405881349,8.57127243943895e-05,-0.9148999999999999,0.7951,-1.71,8759,-0.008963579428714492,0.918316468354365
18,-1.7509578147558196,8.705481398376067e-05,-0.8264,0.7951,-1.6215000000000002,8759,-0.010353580130622911,0.9137248860125932
19,-4.137266393214942,8.74035244700363e-05,-0.9840000000000001,0.7951,-1.7791000000000001,8759,-0.0065893626670111855,0.9091562615825302
20,-1.2388838801233775,8.854510626964213e-05,-0.7103,0.7951,-1.5054,8759,-0.00015879568307554086,0.9046104802746175
21,-1.816868108922536,8.79495778330634e-05,-0.8375,0.7951,-1.6326,8759,-0.012242763022834655,0.9000874278732445
22,-4.123814064650862,8.855774679635006e-05,-0.9838,0.7951,-1.7789000000000001,8759,-0.01455399442074104,0.8955869907338783
23,-1.6933301756211798,8.823711994612987e-05,-0.8161,0.7951,-1.6112000000000002,8759,-0.0055401973898010805,0.8911090557802088
24,-2.5121560352162176,8.767823724502478e-05,-0.9189,0.7951,-1.714,8759,-0.006036517696753051,0.8866535105013078
25,-2.371481991755037,8.827307000340557e-05,-0.9067000000000001,0.7951,-1.7018,8759,-0.011117717505942292,0.8822202429488013
26,-2.5632373450905557,9.154503363258456e-05,-0.9229,0.7951,-1.718,8759,-0.00044041290668295815,0.8778091417340573
27,-1.4616785297089272,9.004206645326495e-05,-0.7681999999999999,0.7951,-1.5633,8759,0.0023766671129711713,0.8734200960253871
28,-1.7466088541967806,9.044293252044346e-05,-0.8256,0.7951,-1.6207,8759,0.0037464485457480694,0.8690529955452602
29,-2.3032899644961957,9.080468498650664e-05,-0.9001,0.7951,-1.6952,8759,0.0011053843501768559,0.8647077305675338
30,-2.9077350111677043,8.994051750308369e-05,-0.9454,0.7951,-1.7405,8759,0.00426530712120935,0.8603841919146962
31,-1.5081854534424426,8.877143769271188e-05,-0.7787000000000001,0.7951,-1.5738,8759,0.0013636129174922915,0.8560822709551227
32,-1.9067864322734436,8.971521581959275e-05,-0.8514,0.7951,-1.6465,8759,-0.0027849153687943334,0.851801859600347
33,-2.3448452707980816,9.089847487156186e-05,-0.9041,0.7951,-1.6992,8759,-0.0013898183946904016,0.8475428503023453
34,-1.493343818937905,9.146983105658762e-05,-0.7754000000000001,0.7951,-1.5705,8759,0.0017844481030692791,0.8433051360508336
35,-0.91943864656118,9.056817727851346e-05,-0.6013000000000001,0.7951,-1.3964,8759,0.009312211380313896,0.8390886103705794
36,-3.3519016297433697,9.069781136340721e-05,-0.965,0.7951,-1.7601,8759,0.005602103140524553,0.8348931673187264
37,-2.3585297249153094,8.932662833626177e-05,-0.9054000000000001,0.7951,-1.7005000000000001,8759,-0.0011192095676592897,0.8307187014821328
38,-2.356172058463418,9.113381203578402e-05,-0.9052,0.7951,-1.7003,8759,0.0006760591867546034,0.8265651079747222
39,-0.7376042491569872,9.019399427539068e-05,-0.5217,0.7951,-1.3168000000000002,8759,0.004079916947315526,0.8224322824348486
40,-1.138875882709185,8.988882160950321e-05,-0.6798000000000001,0.7951,-1.4749,8759,0.005261462466764265,0.8183201210226743
41,-1.3963780114585849,8.879855528050335e-05,-0.7525,0.7951,-1.5476,8759,0.004099742054661968,0.8142285204175609
42,-1.2786962292123036,8.838306381894066e-05,-0.7216,0.7951,-1.5167000000000002,8759,0.001148100165331904,0.810157377815473
43,-1.312020439394275,8.808482356194533e-05,-0.7306999999999999,0.7951,-1.5257999999999998,8759,0.0026717094119920186,0.8061065909263957
44,-1.9350518036459154,8.796662241108482e-05,-0.8556,0.7951,-1.6507,8759,0.009844632317641783,0.8020760579717637
45,-2.2569198734144975,9.166488051135629e-05,-0.8953,0.7951,-1.6904,8759,0.008883952641527271,0.798065677681905
46,-1.1664116873172157,9.071251174162668e-05,-0.6884999999999999,0.7951,-1.4836,8759,0.008998303472032856,0.7940753492934954
47,-2.7354040571306,8.994521736892475e-05,-0.9351,0.7951,-1.7302,8759,0.012598232687360036,0.7901049725470279
48,-0.4446154442132868,9.350366754262719e-05,-0.3589,0.7951,-1.154,8759,0.012536127016055474,0.7861544476842928
49,-1.7906576294160232,9.356883136115762e-05,-0.8331000000000001,0.7951,-1.6282,8759,0.009935845973618513,0.7822236754458713
50,-0.1922974334743104,9.303385358277596e-05,-0.17489999999999997,0.7951,-0.97,8759,0.015875807308227942,0.778312557068642
51,-2.6639935764659426,9.281932349765684e-05,-0.9303,0.7951,-1.7254,8759,0.02055680322024781,0.7744209942832988
52,-0.729700640863013,9.281637893997654e-05,-0.5179,0.7951,-1.3130000000000002,8759,0.01296962300964735,0.7705488893118823
53,-1.8959571077245856,9.151177740059485e-05,-0.8498,0.7951,-1.6449,8759,0.006972470689185992,0.7666961448653229
54,-1.9041522552361254,9.394078523814245e-05,-0.8511,0.7951,-1.6461999999999999,8759,0.006073473798854736,0.7628626641409962
55,-2.4655028523026967,9.277267982606611e-05,-0.915,0.7951,-1.7101000000000002,8759,0.011020770188851,0.7590483508202912
56,-0.8129670599581834,9.304703919720621e-05,-0.5565,0.7951,-1.3516,8759,0.010818560006449329,0.7552531090661897
57,-0.6703400890298561,9.457065699793115e-05,-0.4885,0.7951,-1.2836,8759,0.020654103688819998,0.7514768435208588
58,-1.4086196383075629,9.335694680371887e-05,-0.7555,0.7951,-1.5506,8759,0.018084116386406387,0.7477194593032545
59,-2.222379402603043,9.390027627144067e-05,-0.8916,0.7951,-1.6867,8759,0.01702703406049898,0.7439808620067382
60,-1.6479165008586518,9.452244605483345e-05,-0.8075,0.7951,-1.6026,8759,0.01296031650464983,0.7402609576967045
61,-0.6293091082147341,9.496902350961566e-05,-0.467,0.7951,-1.2621,8759,0.010558150672311379,0.736559652908221
62,-3.14441824448583,9.635028035385176e-05,-0.9569,0.7951,-1.752,8759,0.009887692850805714,0.7328768546436799
63,-1.22687070007465,9.545422437756588e-05,-0.7068000000000001,0.7951,-1.5019,8759,0.017428884067288652,0.7292124703704616
64,-2.255548369999203,9.5958623524228e-05,-0.8952,0.7951,-1.6903000000000001,8759,0.017004994676155048,0.7255664080186093
65,-1.572819020445951,9.578343014740488e-05,-0.7925,0.7951,-1.5876000000000001,8759,0.015383914003527413,0.7219385759785162
66,-2.27557990210419,9.827476228034383e-05,-0.8973,0.7951,-1.6924000000000001,8759,0.00950492476360352,0.7183288830986236
67,-1.729876475440652,9.909803817412881e-05,-0.8227,0.7951,-1.6178,8759,0.018796397598494555,0.7147372386831305
68,-2.8699271974142633,9.667870973617082e-05,-0.9433,0.7951,-1.7384,8759,0.016176303995143526,0.7111635524897149
69,-2.3997843163406998,9.624470451822117e-05,-0.9093000000000001,0.7951,-1.7044000000000001,8759,0.01494059942808172,0.7076077347272662
70,-2.995681787448245,9.5350897529095e-05,-0.95,0.7951,-1.7450999999999999,8759,0.01112531882788693,0.7040696960536299
71,-2.0252123042944596,9.584666852660954e-05,-0.868,0.7951,-1.6631,8759,0.004598439070029827,0.7005493475733617
72,-0.4263998566354263,9.510579243175244e-05,-0.3471,0.7951,-1.1422,8759,0.0003083461015406013,0.697046600835495
73,-2.3757032302597425,9.474180069960432e-05,-0.9070999999999999,0.7951,-1.7022,8759,0.0056978697477172045,0.6935613678313175
74,-1.7124124965122587,9.655864653970696e-05,-0.8195999999999999,0.7951,-1.6147,8759,0.010056751360324627,0.6900935609921609
75,-3.1960757506411905,9.718943380398559e-05,-0.9591,0.7951,-1.7542,8759,0.014703322829299491,0.6866430931872001
76,-2.4590332288373995,9.742917490654828e-05,-0.9145,0.7951,-1.7096,8759,0.015754428864944225,0.6832098777212641
77,-2.0993878467108447,9.819897881551146e-05,-0.8775,0.7951,-1.6726,8759,0.005798041347368747,0.6797938283326578
78,-4.343976887491734,9.938970120613148e-05,-0.987,0.7951,-1.7821,8759,5.957818071120051e-05,0.6763948591909945
79,-2.0862020456063615,9.687184072001074e-05,-0.8758,0.7951,-1.6709,8759,0.005037174225516999,0.6730128848950395
80,-1.6107719926031323,9.757068902939485e-05,-0.8003,0.7951,-1.5954000000000002,8759,0.008682022634640596,0.6696478204705644
81,-2.0695690155674016,9.735463375582273e-05,-0.8737999999999999,0.7951,-1.6688999999999998,8759,0.014174789108845494,0.6662995813682115
82,0.04297673124472027,9.654257939924463e-05,0.043899999999999995,0.7951,-0.7512000000000001,8759,0.020399051974556777,0.6629680834613705
83,-1.6371672810965627,9.818973738107588e-05,-0.8055,0.7951,-1.6006,8759,0.01794884410740061,0.6596532430440636
84,-1.6588992305783568,9.839357732953683e-05,-0.8097,0.7951,-1.6048,8759,0.01532934439375032,0.6563549768288433
85,-1.2699560143897053,9.932812791807267e-05,-0.7192000000000001,0.7951,-1.5143,8759,0.013268887109264268,0.653073201944699
86,-1.2945003493831369,0.00010126912634622551,-0.726,0.7951,-1.5211000000000001,8759,0.012144654941395178,0.6498078359349755
87,-3.8690471479263353,9.987961540353865e-05,-0.9791,0.7951,-1.7742,8759,0.014837606140276398,0.6465587967553006
88,-2.759655340501623,0.00010051028435396809,-0.9367,0.7951,-1.7318,8759,0.017812781765094113,0.6433260027715241
89,-2.7541676946662474,9.674191675488919e-05,-0.9362999999999999,0.7951,-1.7313999999999998,8759,0.011724661032184712,0.6401093727576664
90,-2.1529017358156253,9.797756145129393e-05,-0.8839,0.7951,-1.679,8759,0.007513772028945246,0.6369088258938781
91,0.3340938035992666,9.819312671447736e-05,0.3967,0.7951,-0.39840000000000003,8759,0.008082056577339852,0.6337242817644086
92,-1.0443102943086546,9.626567713065556e-05,-0.6481,0.7951,-1.4432,8759,0.012026218078602652,0.6305556603555866
93,-1.6824839371934586,9.92755183686886e-05,-0.8140999999999999,0.7951,-1.6092,8759,0.019656542751128738,0.6274028820538087
94,-3.547716353208568,9.895264639180688e-05,-0.9712000000000001,0.7951,-1.7663000000000002,8759,0.02267257726743506,0.6242658676435396
95,-2.533867186702364,9.971198639725878e-05,-0.9206,0.7951,-1.7157,8759,0.017681889478612715,0.6211445383053219
96,-1.6061313304486313,0.0001004709851070102,-0.7993000000000001,0.7951,-1.5944000000000003,8759,0.01727662454448017,0.6180388156137953
97,-2.042549144526446,9.974645156576157e-05,-0.8703,0.7951,-1.6654,8759,0.016605927459942396,0.6149486215357263
98,-2.8561064222885504,0.00010028779038829889,-0.9425,0.7951,-1.7376,8759,0.0144171412444721,0.6118738784280476
99,-0.7512592492690723,9.971527245633755e-05,-0.5282,0.7951,-1.3233000000000001,8759,0.018020692622417293,0.6088145090359074
100,-1.5898976635820985,0.00010024932362502799,-0.7961,0.7951,-1.5912000000000002,8759,0.018072601544290853,0.6057704364907278
101,-1.1760082241506546,0.00010117812188230214,-0.6915,0.7951,-1.4866000000000001,8759,0.01195308874634585,0.6027415843082742
102,-1.3379505350473746,0.0001018597889309093,-0.7376,0.7951,-1.5327000000000002,8759,0.01618553711034852,0.5997278763867329
103,-1.630730867445686,0.00010124178107699033,-0.8042,0.7951,-1.5993,8759,0.016995869718771886,0.5967292370047992
104,-2.181495857816273,0.0001001524262378904,-0.8870999999999999,0.7951,-1.6822,8759,0.018899345898709213,0.5937455908197752
105,-1.6813851423609578,9.800100727087319e-05,-0.8139,0.7951,-1.609,8759,0.010584578567501045,0.5907768628656763
106,-2.1772356577047414,9.67787588111126e-05,-0.8865999999999999,0.7951,-1.6817,8759,0.007166208409071513,0.5878229785513479
107,-1.1403916703275687,9.845305355530093e-05,-0.6803,0.7951,-1.4754,8759,0.013009165832927026,0.5848838636585911
108,-2.0383243424086306,9.806331012497109e-05,-0.8698,0.7951,-1.6649,8759,0.012511989997470403,0.5819594443402982
109,-1.731648420987461,9.951672552894623e-05,-0.823,0.7951,-1.6181,8759,0.008653016793481535,0.5790496471185967
110,-3.099635564177573,0.00010095239717890107,-0.9549,0.7951,-1.75,8759,0.008580233609338494,0.5761543988830038
111,-1.0540015770828466,9.863810603090003e-05,-0.6515000000000001,0.7951,-1.4466,8759,0.014468135376208748,0.5732736268885887
112,-0.8644011101562724,0.00010087786004930714,-0.5787,0.7951,-1.3738000000000001,8759,0.015998538145447775,0.5704072587541458
113,-2.779899548999293,0.00010061869080355236,-0.938,0.7951,-1.7330999999999999,8759,0.020698820996039848,0.567555222460375
114,-1.800462595643978,9.95550335028944e-05,-0.8348,0.7951,-1.6299000000000001,8759,0.02277451669192298,0.5647174463480732
115,-1.8735704917531266,9.840100433273742e-05,-0.8464,0.7951,-1.6415000000000002,8759,0.01972597985987638,0.5618938591163328
116,-0.5558083576804346,0.00010181608534854414,-0.4264,0.7951,-1.2215,8759,0.015733593968517815,0.5590843898207511
117,-2.0887876446398606,0.00010434356170243092,-0.8762000000000001,0.7951,-1.6713,8759,0.013712288577882363,0.5562889678716474
118,-0.562301909925921,0.00010027635168163768,-0.4301,0.7951,-1.2252,8759,0.016642058804717995,0.5535075230322891
119,-0.10726054170099528,0.00010094358533612122,-0.1017,0.7951,-0.8968,8759,0.019089336368690302,0.5507399854171277
120,-1.9282068878435727,0.00010294538027418399,-0.8545999999999999,0.7951,-1.6497,8759,0.021086450196221643,0.547986285490042
121,-1.1946937401947433,0.00010439135800721598,-0.6972,0.7951,-1.4923000000000002,8759,0.024769391206370967,0.5452463540625918
122,-0.8777982663448947,0.00010531401452256894,-0.5843,0.7951,-1.3794,8759,0.030387724789829405,0.5425201222922789
123,-2.135542659558632,0.0001036912820153859,-0.8818,0.7951,-1.6769,8759,0.028457316145205597,0.5398075216808175
124,-1.611331576899188,0.00010376533112002877,-0.8004000000000001,0.7951,-1.5955000000000001,8759,0.025415233193591232,0.5371084840724134
125,-2.7368006626156745,0.00010395537790889896,-0.9351999999999999,0.7951,-1.7303,8759,0.016859367141911177,0.5344229416520513
126,-1.6003673937154497,0.00010325886110761363,-0.7981999999999999,0.7951,-1.5933,8759,0.009183423318039447,0.531750826943791
127,1.6540654682241462,0.00010619237484660648,4.2282,0.7951,3.4331,8759,0.017064677390834216,0.5290920728090721
128,-1.460098004336746,0.00010827613292967713,-0.7678,0.7951,-1.5629,8759,0.021721873295873332,0.5264466124450268
129,-1.5951008610069424,0.00010931495935613333,-0.7970999999999999,0.7951,-1.5922,8759,0.03126310296879809,0.5238143793828016
130,-0.8292003388763973,0.00010879419888573622,-0.5636,0.7951,-1.3587,8759,0.02977233543313248,0.5211953074858876
131,-0.4909729478564468,0.00010635890827540245,-0.38799999999999996,0.7951,-1.1831,8759,0.02712847940212911,0.5185893309484582
132,-2.2398976391187015,0.00010499318614020162,-0.8935,0.7951,-1.6886,8759,0.018682721278390216,0.5159963842937159
133,-0.11717017522521089,0.00010713109489351689,-0.1106,0.7951,-0.9057000000000001,8759,0.018371127464599377,0.5134164023722473
134,-1.643155163835907,0.00010476985632668069,-0.8066,0.7951,-1.6017000000000001,8759,0.02210882978365191,0.510849320360386
135,-1.19742191476334,0.00010631858409104762,-0.698,0.7951,-1.4931,8759,0.024529591008581885,0.5082950737585841
136,-1.7278472101015772,0.00010829135692109813,-0.8223,0.7951,-1.6174,8759,0.026887340178747866,0.5057535983897912
137,-1.558191906962164,0.0001071831238449086,-0.7895,0.7951,-1.5846,8759,0.025128578833741456,0.5032248303978422
138,-0.5106028660185891,0.00010832165696355281,-0.39990000000000003,0.7951,-1.195,8759,0.019151142443974603,0.500708706245853
139,-1.2363844207719732,0.00010458822303977068,-0.7095999999999999,0.7951,-1.5047,8759,0.020039048039281335,0.4982051627146237
140,-1.1367554158094026,0.00010547756280399208,-0.6790999999999999,0.7951,-1.4742,8759,0.017161647760046545,0.49571413690105054
141,-1.1089273251226435,0.00010496142272949396,-0.6701,0.7951,-1.4652,8759,0.016153258113831687,0.4932355662165453
142,-1.467372418074951,0.00010568119569771368,-0.7695000000000001,0.7951,-1.5646,8759,0.017046367208683806,0.4907693883854626
143,-1.9076102704104978,0.0001049488637957477,-0.8515999999999999,0.7951,-1.6467,8759,0.02183160485976437,0.4883155414435353
144,-1.2533031250648008,0.00010592580299181707,-0.7143999999999999,0.7951,-1.5095,8759,0.018497118692666903,0.4858739637363176
145,-2.152628532402499,0.00010703474907779475,-0.8837999999999999,0.7951,-1.6789,8759,0.013603009927036664,0.483444593917636
146,-2.1213539466286337,0.00010610215297208676,-0.8801000000000001,0.7951,-1.6752000000000002,8759,0.0182531654208691,0.4810273709480478
147,-1.5040470993578658,0.00010676440162681984,-0.7778,0.7951,-1.5729000000000002,8759,0.017835301224055976,0.47862223409330756
148,-0.5931839921736569,0.00010509269512273688,-0.4474,0.7951,-1.2425000000000002,8759,0.012798865862277487,0.47622912292284103
149,-2.907164827504696,0.00010512723088543136,-0.9454,0.7951,-1.7405,8759,0.01273523565802397,0.4738479773082268
150,0.036143231831704856,0.00010516407310789533,0.0368,0.7951,-0.7583,8759,0.015828044269434263,0.47147873742168567
151,-1.451988803287366,0.00010630387843642977,-0.7659,0.7951,-1.561,8759,0.012293950619478213,0.46912134373457726
152,-3.0284742195614682,0.00010405984126097312,-0.9516,0.7951,-1.7467000000000001,8759,0.010378630371014268,0.46677573701590436
153,-1.9259504159410483,0.00010157177864031108,-0.8543000000000001,0.7951,-1.6494,8759,0.006486548654495213,0.46444185833082485
154,-0.5913584572049034,0.00010334585258248971,-0.4464,0.7951,-1.2415,8759,0.008387934506804565,0.46211964903917074
155,-1.1734421096755219,0.00010722258346602968,-0.6907,0.7951,-1.4858,8759,0.011893874591973283,0.4598090507939749
156,-0.13807147657482807,0.00010634853965732202,-0.129,0.7951,-0.9241,8759,0.009594125392151275,0.457510005540005
157,-0.7812366065685995,0.00010255836199629523,-0.5422,0.7951,-1.3373,8759,0.009337395012382095,0.45522245551230495
158,-0.22762456605275866,0.00010312101648261716,-0.2036,0.7951,-0.9987,8759,0.015067818284758606,0.4529463432347434
159,-0.558444269333035,0.00010239816572482892,-0.4279,0.7951,-1.223,8759,0.017829400159542774,0.4506816115185697
160,-0.67341009018105,0.00010533431254080105,-0.49,0.7951,-1.2851,8759,0.018147800935921207,0.4484282034609769
161,-2.1556796004589316,0.00010617662328055773,-0.8842,0.7951,-1.6793,8759,0.024338476571861244,0.446186062443672
162,-1.2902203842160378,0.00010697505359133037,-0.7248,0.7951,-1.5199,8759,0.020159574099865823,0.4439551321314536
163,-1.1622245774071889,0.00010623854753264339,-0.6872,0.7951,-1.4823,8759,0.01203572365685741,0.4417353564707963
164,-3.4221826655969965,0.00010778537168275381,-0.9673999999999999,0.7951,-1.7625,8759,0.013163365165728837,0.43952667968844233
165,-1.3898828309504374,0.00010818286634735544,-0.7509,0.7951,-1.546,8759,0.020178767723084613,0.43732904629000013
166,-0.7162087767709155,0.00010915740255167988,-0.5114,0.7951,-1.3065,8759,0.0210781488878067,0.4351424010585501
167,-1.029881027514221,0.00010730809060786019,-0.643,0.7951,-1.4381,8759,0.02233413974732715,0.43296668905325736
168,-2.0819336943317426,0.00010714524014779868,-0.8753,0.7951,-1.6703999999999999,8759,0.022530757256008737,0.43080185560799106
169,0.8584450515940596,0.00010944264134807594,1.3595,0.7951,0.5643999999999999,8759,0.017236414221609302,0.4286478463299511
170,-2.045558685983175,0.00011144000638935117,-0.8706999999999999,0.7951,-1.6658,8759,0.01970122246243309,0.42650460709830135
171,-1.9126593496550666,0.00010980355639027294,-0.8523000000000001,0.7951,-1.6474000000000002,8759,0.022303614885768385,0.42437208406280985
172,-0.5434965899119928,0.00010841146866509953,-0.4193,0.7951,-1.2144,8759,0.020096443977131666,0.4222502236424958
173,-2.4119546241182137,0.00010649122894783601,-0.9104000000000001,0.7951,-1.7055000000000002,8759,0.01881907108921495,0.42013897252428334
174,-2.0431119865669776,0.00010805574351605746,-0.8704000000000001,0.7951,-1.6655000000000002,8759,0.014941589611646574,0.4180382776616619
175,-1.6957030733529612,0.00010188181946863991,-0.8165,0.7951,-1.6116000000000001,8759,0.011289322615445565,0.4159480862733536
176,-0.8544331434643999,0.00010141929425176559,-0.5745,0.7951,-1.3696000000000002,8759,0.011036079356840062,0.41386834584198684
177,-0.9364045629407739,0.00010440712995117934,-0.608,0.7951,-1.4031,8759,0.01611398864133008,0.4117990041127769
178,0.6881425424695131,0.00010249713381853978,0.99,0.7951,0.19489999999999996,8759,0.017834805452840823,0.40974000909221303
179,-0.7950159098109948,0.00010117074742066966,-0.5484,0.7951,-1.3435000000000001,8759,0.01812314975699247,0.40769130904675194
180,-0.1237979591598208,9.883765038375911e-05,-0.1164,0.7951,-0.9115,8759,0.01514582730721687,0.40565285250151817
181,0.39812163137828005,0.00010261799483416035,0.489,0.7951,-0.30610000000000004,8759,0.014328813362360096,0.4036245882390106
182,-0.545788044234086,9.840587692355304e-05,-0.42060000000000003,0.7951,-1.2157,8759,0.01598754613032412,0.4016064652978155
183,-0.7821431481013046,0.00010254802046732603,-0.5426,0.7951,-1.3377,8759,0.01658541154888755,0.3995984329713264
184,-1.7547039033475857,0.0001011008101055426,-0.8270000000000001,0.7951,-1.6221,8759,0.019429971739685498,0.3976004408064698
185,0.7303780796998978,0.0001007136187840083,1.0759,0.7951,0.28080000000000005,8759,0.01825897691403282,0.39561243860243744
186,-1.1919146162098657,0.00010175076462083947,-0.6964,0.7951,-1.4915,8759,0.021748276633025577,0.3936343764094253
187,-2.0716589531100316,0.0001033126598416201,-0.8740000000000001,0.7951,-1.6691000000000003,8759,0.025099368861219645,0.39166620452737816
188,-0.41450103841126856,0.00010426268624330892,-0.3393,0.7951,-1.1344,8759,0.027938209240804226,0.3897078735047413
189,-0.42627666733687664,0.00010805240279093726,-0.3471,0.7951,-1.1422,8759,0.03394704989349751,0.3877593341372176
190,-0.9106345455197411,0.00010901683723304036,-0.5977,0.7951,-1.3928,8759,0.028336291281902595,0.3858205374665315
191,-0.5888300348579607,0.0001058569274325798,-0.445,0.7951,-1.2401,8759,0.02253194665658561,0.38389143477919885
192,-2.0674657836716865,0.00010588672657344932,-0.8734999999999999,0.7951,-1.6686,8759,0.020832569125832617,0.3819719776053028
193,-1.9887825402815573,0.00010651944088847608,-0.8631,0.7951,-1.6582,8759,0.01775938387543817,0.3800621177172763
194,1.0518986995974389,0.00010465114025343812,1.8631,0.7951,1.068,8759,0.01635487941998058,0.37816180712868996
195,-1.8194789517806391,0.00010827938274333092,-0.8379000000000001,0.7951,-1.633,8759,0.015674838265683746,0.37627099809304654
196,-0.7734255487708754,0.00011412521655753961,-0.5386,0.7951,-1.3336999999999999,8759,0.01849090209427912,0.3743896431025813
197,-1.6069994463994373,0.00011118463263070826,-0.7995,0.7951,-1.5946,8759,0.018908480812174187,0.37251769488706843
198,-1.4115437200865442,0.00011796696315326969,-0.7562000000000001,0.7951,-1.5513000000000001,8759,0.02000190949726491,0.3706551064126331
199,0.4350570180794182,0.00010997669573680749,0.5451,0.7951,-0.25,8759,0.012916287059109615,0.36880183088056995
200,-0.6437970993009662,0.0001083157221522876,-0.4747,0.7951,-1.2698,8759,0.01053549893747346,0.3669578217261671
201,-0.763117401397982,0.00011162633291065127,-0.5338,0.7951,-1.3289,8759,0.007864342703844342,0.36512303261753626
202,0.0890292551095619,0.00010914940178981651,0.0931,0.7951,-0.7020000000000001,8759,0.00864233333943449,0.3632974174544486
203,0.27941950432534474,0.00011500491452763312,0.3224,0.7951,-0.4727,8759,0.011458755573099376,0.3614809303671764
204,-1.4028925243920027,0.00011065788395841537,-0.7541,0.7951,-1.5492,8759,0.011792093220868943,0.3596735257153405
205,-1.0456521057797734,0.00011332856188798544,-0.6485,0.7951,-1.4436,8759,0.017539497539537152,0.3578751580867638
206,1.1146415588483904,0.00011044292052477012,2.0484999999999998,0.7951,1.2533999999999996,8759,0.018573187135108082,0.35608578229633
207,-0.9924416906083242,0.00010697091867828298,-0.6293,0.7951,-1.4243999999999999,8759,0.014947842056224514,0.3543053533848483
208,-0.22296308203672177,0.00010807428965830576,-0.1999,0.7951,-0.995,8759,0.014929283631152963,0.35253382661792404
209,-0.2673141760678917,0.0001095690902616596,-0.2346,0.7951,-1.0297,8759,0.017669402248753383,0.3507711574848344
210,-0.1279521021062016,0.00010573458649806247,-0.1201,0.7951,-0.9152,8759,0.0182219518530182,0.34901730169741024
211,-3.516343521762186,0.00010547471510516123,-0.9703,0.7951,-1.7654,8759,0.01664304952683164,0.3472722151889232
212,-1.521014155922953,0.00010544800107727062,-0.7815000000000001,0.7951,-1.5766,8759,0.016483282505358406,0.3455358541129786
213,-0.42814438893095513,0.00010657505761589646,-0.3483,0.7951,-1.1434,8759,0.014591533217214635,0.3438081748424137
214,-0.4372252944996685,0.00011132901999164902,-0.3542,0.7951,-1.1493,8759,0.01570728494959997,0.3420891339682016
215,-1.1625717060890677,0.00010793884725334915,-0.6873,0.7951,-1.4824000000000002,8759,0.017143023050305014,0.3403786882983606
216,-1.2969853855450473,0.00010530480601695028,-0.7265999999999999,0.7951,-1.5217,8759,0.014957267781144333,0.3386767948568688
217,0.43860651345195073,0.00010648637089294496,0.5505,0.7951,-0.24460000000000004,8759,0.016236421367499514,0.33698341088258443
218,-1.0624445572453058,0.00010762392131590675,-0.6544,0.7951,-1.4495,8759,0.01640243383603157,0.3352984938281715
219,0.5873569453713028,0.00011085121843263515,0.7992,0.7951,0.0040999999999999925,8759,0.014247207115335727,0.33362200135903064
220,0.050947463997333214,0.00010914039547923049,0.052300000000000006,0.7951,-0.7428,8759,0.018287835652158576,0.33195389135223546
221,-0.41695710937627184,0.00010625792426898117,-0.341,0.7951,-1.1361,8759,0.018226641186159256,0.3302941218954743
222,0.14454946630653806,0.00010821728917363099,0.1555,0.7951,-0.6396000000000001,8759,0.01808092902000993,0.32864265128599696
223,-0.42103921204137695,0.00010457381507453329,-0.3436,0.7951,-1.1387,8759,0.015618469401724481,0.326999438029567
224,-1.6075970140765785,0.00010620263732751703,-0.7996,0.7951,-1.5947,8759,0.011738367143621597,0.3253644408394192
225,-0.9515566105120621,0.0001068628032732334,-0.6139,0.7951,-1.409,8759,0.016616150499592124,0.3237376186352221
226,-0.7284684093597298,0.00010478625438303662,-0.5174,0.7951,-1.3125,8759,0.018659953647852966,0.322118930542046
227,-1.1899157093355741,0.00010156195018161103,-0.6958,0.7951,-1.4909,8759,0.016319386559297287,0.32050833588933575
228,-1.1150483364674202,0.00010447248494125959,-0.6720999999999999,0.7951,-1.4672,8759,0.014100639352419495,0.31890579420988907
229,0.8759300372326493,0.0001044734361527877,1.4011000000000002,0.7951,0.6060000000000002,8759,0.013980155977116306,0.3173112652388396
230,0.385505030417819,0.00010495853464614941,0.4704,0.7951,-0.32470000000000004,8759,0.018277512163749766,0.3157247089126454
231,0.13572045443950692,0.00010388748364886116,0.1454,0.7951,-0.6497,8759,0.023874215875256892,0.3141460853680822
232,1.7014642979946555,0.00010867995592486839,4.482,0.7951,3.6869,8759,0.021405214919724726,0.3125753549412418
233,-0.04219212885344129,0.00010826367771113887,-0.041299999999999996,0.7951,-0.8364,8759,0.026975318557688165,0.31101247816653554
234,0.535573858599565,0.00010699947194369744,0.7084,0.7951,-0.0867,8759,0.025723680574840327,0.30945741577570285
235,0.4952208984387393,0.00010744021411577713,0.6409,0.7951,-0.1542,8759,0.026499419485551946,0.3079101286968243
236,-0.6109816160148466,0.00011424908494619947,-0.4572,0.7951,-1.2523,8759,0.029609736167417567,0.3063705780533402
237,-1.2364045465549878,0.00011578327863011483,-0.7095999999999999,0.7951,-1.5047,8759,0.025498730173556278,0.30483872516307353
238,-1.3226059601702223,0.0001169355172833792,-0.7336,0.7951,-1.5287000000000002,8759,0.025920273196613535,0.3033145315372582
239,-1.28445396576549,0.00011824847137538893,-0.7232,0.7951,-1.5183,8759,0.028522654075334164,0.3017979588795719
240,-0.3163120060333506,0.00011883736663254335,-0.2712,0.7951,-1.0663,8759,0.024767534174888438,0.30028896908517405
241,1.5142103610391064,0.00011983655332791908,3.5458,0.7951,2.7506999999999997,8759,0.025881976028282305,0.2987875242397482
242,-1.2314523475943753,0.00011840963550081767,-0.7081000000000001,0.7951,-1.5032,8759,0.022073551883787266,0.29729358661854943
243,0.18684734747108456,0.000119170273445442,0.2054,0.7951,-0.5897,8759,0.022605864052335507,0.29580711868545667
244,-0.8083629099517192,0.00011871322619978235,-0.5544,0.7951,-1.3495,8759,0.02042116917776526,0.2943280830920294
245,-1.4028463681651047,0.00011670465360025145,-0.7541,0.7951,-1.5492,8759,0.01757902721733532,0.29285644267656924
246,-1.4919307197870022,0.00011523501378269648,-0.7751,0.7951,-1.5702,8759,0.01594911500444109,0.2913921604631864
247,1.260895556544702,0.00012009942915344735,2.5286,0.7951,1.7334999999999998,8759,0.019589609668728036,0.28993519966087045
248,-0.5297391657196564,0.00011704608132686029,-0.41119999999999995,0.7951,-1.2063,8759,0.01776431200387666,0.2884855236625661
249,0.026830422642911,0.00011567652861366895,0.027200000000000002,0.7951,-0.7679,8759,0.015205411329029295,0.28704309604425327
250,-0.6973465423013507,0.0001130823942957562,-0.5021,0.7951,-1.2972000000000001,8759,0.017003561954344364,0.285607880564032
251,-0.8330300121556954,0.00011288923568026484,-0.5653,0.7951,-1.3604,8759,0.01366553424490408,0.28417984116121187
252,1.1251706694440746,0.00011370882456341663,2.0806999999999998,0.7951,1.2855999999999996,8759,0.013483208081610472,0.2827589419554058
253,-1.0224874405417657,0.00010835601526128829,-0.6403,0.7951,-1.4354,8759,0.013327046106792225,0.28134514724562876
254,-0.715778765183269,0.00010818887172436141,-0.5112,0.7951,-1.3063,8759,0.02238157035138376,0.2799384215094006
255,-1.395758446576184,0.00011348418953881524,-0.7524,0.7951,-1.5474999999999999,8759,0.02504917495046247,0.27853872940185365
256,-0.005781276303660319,0.00011071312943111606,-0.0058,0.7951,-0.8009000000000001,8759,0.022360183934638907,0.27714603575484437
257,-1.7084508657834492,0.00010532046976894406,-0.8189,0.7951,-1.6139999999999999,8759,0.021812315275125994,0.2757603055760701
258,0.21367944377955148,0.00010756067288740346,0.2382,0.7951,-0.5569000000000001,8759,0.017218051633930177,0.2743815040481898
259,0.6870048826997437,0.00010743169862310809,0.9878,0.7951,0.19269999999999998,8759,0.014535646549213257,0.2730095965279488
260,-1.1827234183420063,0.0001086639183486429,-0.6936,0.7951,-1.4887000000000001,8759,0.019528964891768624,0.27164454854530906
261,0.38302217660178567,0.0001083382672639285,0.4667,0.7951,-0.3284,8759,0.021529121849571498,0.2702863258025825
262,-2.4623315718399073,0.00010698999194814742,-0.9148000000000001,0.7951,-1.7099000000000002,8759,0.02033691202656229,0.2689348941735696
263,0.300799033966363,0.00010992745383582964,0.35090000000000005,0.7951,-0.4442,8759,0.016043661821487695,0.26759021970270175
264,0.25689665790880056,0.00010513328081511363,0.2929,0.7951,-0.5022,8759,0.012694071046795383,0.2662522686041882
265,-0.10831413210262425,0.00010668513086908079,-0.1027,0.7951,-0.8978,8759,0.013373315172436449,0.2649210072611673
266,-0.43366124391485733,0.0001079610577558772,-0.3519,0.7951,-1.147,8759,0.01767206480897787,0.26359640222486147
267,-0.7023777167176565,0.00010444721568448531,-0.5046,0.7951,-1.2997,8759,0.017630565915890874,0.26227842021373715
268,0.3052667349035621,0.00010562312903256881,0.35700000000000004,0.7951,-0.4381,8759,0.012769414674338004,0.2609670281126685
269,-0.7517707827351746,0.00010368611489427955,-0.5285,0.7951,-1.3235999999999999,8759,0.015374831983847037,0.25966219297210513
270,-0.08342273646043294,0.00010277112501866538,-0.08,0.7951,-0.8751,8759,0.012677714128363233,0.2583638820072446
271,-0.08496889325171814,0.00010275457551456835,-0.0815,0.7951,-0.8766,8759,0.016142220708242474,0.2570720625972084
272,-0.32190458068915895,0.00010095722589726642,-0.2752,0.7951,-1.0703,8759,0.016446410777530642,0.25578670228422234
273,-1.5908874396252395,9.718778353773838e-05,-0.7963,0.7951,-1.5914000000000001,8759,0.0165577903348463,0.25450776877280124
274,0.42448955990503495,0.00010118486180446465,0.5288,0.7951,-0.2663,8759,0.017544089650320796,0.2532352299289372
275,0.5667552514227147,0.00010543035661818322,0.7625,0.7951,-0.03260000000000007,8759,0.01584341623784745,0.2519690537792925
276,-0.589472428220777,0.00010090265856672146,-0.4454,0.7951,-1.2405,8759,0.014620325859189067,0.2507092085103961
277,0.5677887152016046,0.00010293062008061933,0.7644,0.7951,-0.03070000000000006,8759,0.014996526021421474,0.2494556624678441
278,0.322400811281374,9.865405882869994e-05,0.3804,0.7951,-0.4147,8759,0.015502226553416706,0.24820838415550486
279,-0.7156836833118071,0.0001009302574840504,-0.5111,0.7951,-1.3062,8759,0.016655345825462062,0.24696734223472733
280,-0.7319245712290833,0.0001020090387933904,-0.519,0.7951,-1.3141,8759,0.023234787178583606,0.2457325055235537
281,1.6410761236143063,9.989388121056958e-05,4.1607,0.7951,3.3656,8759,0.020702697645874107,0.24450384299593592
282,-0.6827808230619654,0.00010205779061036021,-0.49479999999999996,0.7951,-1.2899,8759,0.021248405078900863,0.24328132378095624
283,-0.6111414372390133,0.00010768438041106998,-0.4573,0.7951,-1.2524,8759,0.022762007113830664,0.24206491716205145
284,0.12892026421157457,0.00010477434546501872,0.1376,0.7951,-0.6575,8759,0.01755784203474149,0.2408545925762412
285,0.15051606794723618,0.0001048048632747084,0.1624,0.7951,-0.6327,8759,0.022741757930094916,0.23965031961336
286,0.7596122458570445,0.00010378251205642377,1.1374,0.7951,0.34229999999999994,8759,0.02513027631719474,0.2384520680152932
287,0.05354444598302577,0.00010806026553783629,0.055,0.7951,-0.7401,8759,0.029927802981026423,0.23725980767521673
288,-1.8470566773881418,0.00010358103800013235,-0.8423,0.7951,-1.6374,8759,0.027686392031639785,0.23607350863684065
289,-1.431106755703613,0.00010264135362208479,-0.7609999999999999,0.7951,-1.5560999999999998,8759,0.024996930060270022,0.23489314109365644
290,-0.5427419700525248,0.00010368945833885017,-0.4188,0.7951,-1.2139,8759,0.01459885089088179,0.23371867538818816
291,-0.4937441797366005,0.00010594392789171431,-0.3897,0.7951,-1.1848,8759,0.015154586366046774,0.23255008201124722
292,0.20455925460054383,0.00010357310141740275,0.22699999999999998,0.7951,-0.5681,8759,0.015606675351355218,0.231387331601191
293,0.08961180291848835,0.00010587056971469374,0.09369999999999999,0.7951,-0.7014,8759,0.014256186753435724,0.23023039494318503
294,0.14098044938016852,0.00010487447265526528,0.1514,0.7951,-0.6437,8759,0.015670539452823543,0.2290792429684691
295,1.0978606950109777,0.0001053875641504567,1.9977,0.7951,1.2026,8759,0.01732228673719791,0.22793384675362674
296,0.6934824738511582,0.0001057674928156979,1.0007,0.7951,0.2055999999999999,8759,0.019856884074708394,0.22679417751985861
297,0.08898150522802875,0.00010714780390838533,0.0931,0.7951,-0.7020000000000001,8759,0.02447727773832341,0.22566020663225933
298,-0.02271766139559509,0.00010853891412996032,-0.0225,0.7951,-0.8176,8759,0.020751058800355025,0.22453190559909803
299,-1.1496302682388122,0.00010870142900028698,-0.6831999999999999,0.7951,-1.4783,8759,0.016612729774529645,0.22340924607110255
300,-1.4768593394216851,0.00010827533247444987,-0.7716,0.7951,-1.5667,8759,0.013292094095239956,0.22229219984074702
301,-0.5765247472654976,0.00010677169691059938,-0.4382,0.7951,-1.2333,8759,0.01358547157323334,0.2211807388415433
302,-0.5533693365160915,0.00010869166443735378,-0.425,0.7951,-1.2201,8759,0.018141390480809674,0.22007483514733558
303,0.06689627417148362,0.00011001387598155936,0.0692,0.7951,-0.7259,8759,0.01607817781548758,0.2189744609715989
304,0.23901383512381655,0.00011361829076045745,0.27,0.7951,-0.5251,8759,0.014781067820904067,0.2178795886667409
305,-1.3428344048211744,0.00011217589477788297,-0.7389,0.7951,-1.534,8759,0.011941838662842577,0.2167901907234072
306,-0.3089150487319087,0.00011169541343151288,-0.2658,0.7951,-1.0609,8759,0.013557852814506723,0.21570623976979014
307,-0.2344628525988059,0.00011353121144785195,-0.209,0.7951,-1.0041,8759,0.007592980984782558,0.21462770857094118
308,1.7273103178100317,0.00011124602835236085,4.6255,0.7951,3.8303999999999996,8759,0.005559718603316538,0.21355457002808648
309,0.4069380619057428,0.00010726494569416728,0.5022,0.7951,-0.29290000000000005,8759,0.007104850476927726,0.21248679717794605
310,0.11033505770988271,0.00011176546637426604,0.1167,0.7951,-0.6784,8759,0.012325020195544786,0.21142436319205632
311,-0.44987452542360545,0.0001108283915132458,-0.36229999999999996,0.7951,-1.1574,8759,0.01597437899213534,0.21036724137609603
312,0.2527781489828109,0.00011171823594537179,0.2876,0.7951,-0.5075000000000001,8759,0.01555709337854133,0.20931540516921554
313,-1.8066331884042468,0.00011557790839623015,-0.8358,0.7951,-1.6309,8759,0.014777500407804513,0.20826882814336947
314,-0.028679115573412583,0.00011164144241248268,-0.028300000000000002,0.7951,-0.8234,8759,0.017902461197433515,0.20722748400265262
315,1.2016046521554595,0.00010579754759238317,2.3254,0.7951,1.5303,8759,0.014574791109443513,0.20619134658263935
316,-0.3128730573754726,0.00010915327703885573,-0.2687,0.7951,-1.0638,8759,0.014663203088633647,0.20516038984972615
317,-0.10643352554168548,0.00011144144757596393,-0.10099999999999999,0.7951,-0.8961,8759,0.014196409545932402,0.2041345879004775
318,0.06498783824739587,0.00011054312474638323,0.06709999999999999,0.7951,-0.728,8759,0.016669412046026143,0.2031139149609751
319,1.1040292853163705,0.00010970027196294427,2.0162999999999998,0.7951,1.2211999999999996,8759,0.016954463253522664,0.20209834538617025
320,-0.4931418588359115,0.00011163081258251903,-0.3893,0.7951,-1.1844000000000001,8759,0.012609546736264687,0.2010878536592394
321,0.7646164954205625,0.00010709429319626364,1.1481999999999999,0.7951,0.35309999999999986,8759,0.013121629027546197,0.2000824143909432
322,0.6808523002270221,0.00010763446478260435,0.9756,0.7951,0.1805,8759,0.012469708761894627,0.19908200231898848
323,-1.4148349313037734,0.00010711580352348041,-0.757,0.7951,-1.5521,8759,0.01669094235715933,0.19808659230739353
324,0.04259680681558597,0.0001088345567222257,0.0435,0.7951,-0.7516,8759,0.016595489605674325,0.19709615934585656
325,1.0322763619884026,0.00010660278480977443,1.8074000000000001,0.7951,1.0123000000000002,8759,0.015249607125485388,0.19611067854912728
326,-1.3022139430316881,0.0001047952509251989,-0.7281,0.7951,-1.5232,8759,0.011498795367500045,0.19513012515638165
327,1.0520197495103372,0.00010687245506339235,1.8634,0.7951,1.0682999999999998,8759,0.014707924235126875,0.19415447453059972
328,-2.153437562048617,0.00010507303511976258,-0.8839,0.7951,-1.679,8759,0.01766786292075808,0.19318370215794672
329,1.5754528626268152,0.00010643919961360298,3.8329000000000004,0.7951,3.0378000000000003,8759,0.016801945329582648,0.192217783647157
330,-0.5930243826582029,0.00010220999383119895,-0.4473,0.7951,-1.2424,8759,0.01630254896023362,0.1912566947289212
331,-0.0994661421455011,0.0001046499933616173,-0.0947,0.7951,-0.8898,8759,0.016676840018844657,0.1903004112552766
332,-0.17475206258999743,0.00010299082179791947,-0.1603,0.7951,-0.9554,8759,0.012351402476449504,0.18934890919900021
333,-0.931618763237169,0.00010658879071664791,-0.6061,0.7951,-1.4012,8759,0.012581447286326968,0.18840216465300522
334,0.593560622529638,0.0001078437891267869,0.8104,0.7951,0.01529999999999998,8759,0.014988790525654902,0.18746015382974018
335,2.6338596353131734,0.00010775985448945852,12.9274,0.7951,12.1323,8759,0.016139309227259032,0.1865228530605915
336,0.8171285912761135,0.0001096455180300246,1.264,0.7951,0.4689,8759,0.015964283843415555,0.18559023879528855
337,-0.47576385472526955,0.00010620463639375646,-0.3786,0.7951,-1.1737,8759,0.013542195390992846,0.1846622876013121
338,0.6298355182118256,0.00010795007053800282,0.8773000000000001,0.7951,0.08220000000000005,8759,0.014912704497814785,0.18373897616330553
339,0.47730835998166016,0.0001109878970208383,0.6117,0.7951,-0.1834,8759,0.019676887971989257,0.182820281282489
340,0.4936311131799149,0.00010944393487455328,0.6383,0.7951,-0.15680000000000005,8759,0.02565436660567196,0.18190617987607657
341,-0.28423295401974935,0.00010921416237552773,-0.24739999999999998,0.7951,-1.0425,8759,0.022046155243421312,0.18099664897669618
342,0.11918386231633656,0.0001130376070347228,0.1266,0.7951,-0.6685000000000001,8759,0.020855118208911977,0.1800916657318127
343,0.1882344924016268,0.0001097049286260737,0.2071,0.7951,-0.5880000000000001,8759,0.020777185084830955,0.17919120740315364
344,0.5680261908911527,0.00011339938585578058,0.7648,0.7951,-0.030299999999999994,8759,0.018942027055564938,0.17829525136613786
345,-1.3483984019839503,0.00011024423872468283,-0.7403,0.7951,-1.5354,8759,0.023176558895238814,0.17740377510930716
346,1.1387717275947433,0.00011499164863085225,2.1229,0.7951,1.3277999999999999,8759,0.01821272220951242,0.17651675623376062
347,-0.3295558275524536,0.00011524425658184137,-0.2808,0.7951,-1.0759,8759,0.015754704653599218,0.1756341724525918
348,1.230283309019373,0.0001159963811133092,2.4222,0.7951,1.6271,8759,0.01759607203046179,0.17475600159032884
349,-0.40771318828239045,0.00011426968482488204,-0.3348,0.7951,-1.1299000000000001,8759,0.018893565677101275,0.17388222158237718
350,0.22279157656551704,0.00010869635092970812,0.24960000000000002,0.7951,-0.5455,8759,0.018342351637255835,0.1730128104744653
351,-1.0804178049146265,0.00010984035950861815,-0.6605,0.7951,-1.4556,8759,0.017612303916047203,0.17214774642209296
352,0.40316684821308707,0.0001053843105567772,0.4966,0.7951,-0.29850000000000004,8759,0.016747380601620072,0.1712870076899825
353,-0.12199460556774093,0.00010548808658743421,-0.1148,0.7951,-0.9099,8759,0.017293801999355624,0.17043057265153258
354,0.9962178278124336,0.00010297351281465942,1.7080000000000002,0.7951,0.9129000000000002,8759,0.017046952366770226,0.16957841978827493
355,0.10886822453587186,9.841733463698176e-05,0.115,0.7951,-0.6801,8759,0.015675090327995023,0.16873052768933355
356,1.1543210248513252,9.853090802024938e-05,2.1719,0.7951,1.3767999999999998,8759,0.013716488414619364,0.1678868750508869
357,-0.10856712524206379,9.568622596555629e-05,-0.10289999999999999,0.7951,-0.898,8759,0.014530559212355557,0.16704744067563246
358,-0.8734090175508289,9.686753870644357e-05,-0.5825,0.7951,-1.3776000000000002,8759,0.017962798398919084,0.1662122034722543
359,-0.27291101322714106,9.053496311763665e-05,-0.23879999999999998,0.7951,-1.0339,8759,0.015417434359149024,0.16538114245489302
360,0.30322579280004136,9.345277650502799e-05,0.3542,0.7951,-0.4409,8759,0.013398007632963992,0.16455423674261854
361,0.5314704805838341,9.563880937050005e-05,0.7014,0.7951,-0.0937,8759,0.017260202509704614,0.16373146555890544
362,-0.11531860739830542,9.203293205309806e-05,-0.10890000000000001,0.7951,-0.904,8759,0.01666328566758559,0.16291280823111093
363,0.17610758539718016,9.863302399339165e-05,0.19260000000000002,0.7951,-0.6025,8759,0.01813449550956787,0.16209824418995536
364,-0.04175170925662119,0.00010045244316843623,-0.0409,0.7951,-0.8360000000000001,8759,0.015118615786962952,0.16128775296900558
365,1.2428958982252514,0.0001020790540309998,2.4656000000000002,0.7951,1.6705,8759,0.015608977946207286,0.16048131420416054
366,-0.3680986817842067,0.00010332303329043713,-0.308,0.7951,-1.1031,8759,0.017355197795838686,0.15967890763313974
367,0.1802491951987154,0.00010850299969540843,0.1975,0.7951,-0.5976,8759,0.014075353753554494,0.15888051309497406
368,-0.6010387777656723,0.00011095737545853548,-0.4518,0.7951,-1.2469000000000001,8759,0.01319824018537869,0.1580861105294992
369,-0.746740282240703,0.00011095616308662653,-0.5261,0.7951,-1.3212000000000002,8759,0.012642190614843875,0.1572956799768517
370,1.0510010606796485,0.00011094971570682507,1.8605,0.7951,1.0654,8759,0.01610872758160509,0.15650920157696743
371,0.26077039227161014,0.00011423922975568598,0.2979,0.7951,-0.49720000000000003,8759,0.014490953926560555,0.1557266555690826
372,-0.3235799802326946,0.00011098914223008514,-0.2764,0.7951,-1.0715,8759,0.02106392178841838,0.1549480222912372
373,-0.43789649660547064,0.00010904712194408709,-0.3546,0.7951,-1.1497000000000002,8759,0.02288207128786043,0.15417328217978102
374,0.38134846554373825,0.00010612061393074356,0.4643,0.7951,-0.33080000000000004,8759,0.01924448721278818,0.1534024157688821
375,-1.312829201929932,0.00011193956213811896,-0.7309,0.7951,-1.526,8759,0.014029268382436347,0.1526354036900377
376,0.05857030110860626,0.00010830327354723678,0.0603,0.7951,-0.7348,8759,0.01708757242191898,0.1518722266715875
377,0.2985024206398614,0.00010612925053022771,0.3478,0.7951,-0.44730000000000003,8759,0.018641530291774573,0.15111286553822956
378,-0.6625191555815972,0.00010604931980247109,-0.4844,0.7951,-1.2795,8759,0.020004423827490913,0.15035730121053842
379,0.8911209432574607,9.885121579150571e-05,1.4379,0.7951,0.6427999999999999,8759,0.01827377955322822,0.14960551470448571
380,0.07776074022497052,9.981880701578783e-05,0.0809,0.7951,-0.7142000000000001,8759,0.016557747132707024,0.14885748713096328
381,-0.6194803134889885,0.00010085701027784371,-0.4618,0.7951,-1.2569,8759,0.016984945447875807,0.14811319969530845
382,0.21713744706850538,9.927141762404572e-05,0.2425,0.7951,-0.5526,8759,0.01411071156252285,0.1473726336968319
383,0.30762758959318054,9.91181054373879e-05,0.3602,0.7951,-0.4349,8759,0.009452597205427711,0.14663577052834775
384,0.03113255721205908,0.00010223168037278057,0.0316,0.7951,-0.7635000000000001,8759,0.010602537950028539,0.14590259167570602
385,-1.0544746122767577,0.00010293946299999935,-0.6516,0.7951,-1.4466999999999999,8759,0.012637649988952289,0.1451730787173275
386,-0.3169611714511897,0.00010658338035321354,-0.2716,0.7951,-1.0667,8759,0.0159857663685246,0.14444721332374086
387,-0.3296865885164423,0.00010712684617224812,-0.2809,0.7951,-1.076,8759,0.01397075081221357,0.14372497725712216
388,0.9990340951595701,0.00010753772957086349,1.7157,0.7951,0.9206,8759,0.014490098605926165,0.14300635237083656
389,-0.8877358902888538,0.00010790492955330785,-0.5884,0.7951,-1.3835000000000002,8759,0.010880107169113657,0.14229132060898236
390,-1.4676118647079321,0.00011074772234058467,-0.7695000000000001,0.7951,-1.5646,8759,0.0075355330060005105,0.14157986400593744
391,-0.28954436080595797,0.00011124729570950137,-0.2514,0.7951,-1.0465,8759,0.007229269869892025,0.14087196468590776
392,1.0735097005595886,0.00011381156839972098,1.9256,0.7951,1.1305,8759,0.009052222769421208,0.14016760486247823
393,-0.38249594009737875,0.00011458264006257993,-0.3178,0.7951,-1.1129,8759,0.007746856371981751,0.13946676683816583
394,1.1522393519684941,0.00011418889990736457,2.1653000000000002,0.7951,1.3702,8759,0.008877363948324571,0.138769433003975
395,1.12343758400911,0.0001140388161089539,2.0754,0.7951,1.2803,8759,0.009161715658962342,0.13807558583895513
396,0.4220895432805978,0.00011279899656833366,0.5251,0.7951,-0.27,8759,0.011734251099759748,0.13738520790976036
397,1.04693313712451,0.00011146414062363103,1.8488999999999998,0.7951,1.0537999999999998,8759,0.012591277390573004,0.13669828187021155
398,0.7342872104959117,0.00010878015154599888,1.084,0.7951,0.28890000000000005,8759,0.014111080072532678,0.13601479046086049
399,-1.1217399040765625,0.00010845402555968053,-0.6743000000000001,0.7951,-1.4694000000000003,8759,0.015609923304118261,0.1353347165085562
400,0.13139746718124926,0.00011168120557255424,0.1404,0.7951,-0.6547000000000001,8759,0.015599848728068534,0.1346580429260134
401,0.44917945721311997,0.00010943531436935613,0.5670000000000001,0.7951,-0.22809999999999997,8759,0.015356386554073268,0.13398475271138335
402,-0.303190075599083,0.00011080918418838955,-0.2615,0.7951,-1.0566,8759,0.012269939857409916,0.13331482894782642
403,0.9723923833467357,0.00010635212324961275,1.6443,0.7951,0.8492000000000001,8759,0.01553443206061847,0.13264825480308728
404,-1.097730663875213,0.00010634378724524026,-0.6664,0.7951,-1.4615,8759,0.01444080102387469,0.13198501352907185
405,1.5060155883333821,0.0001077247068985989,3.5087,0.7951,2.7136,8759,0.019208583434913336,0.1313250884614265
406,0.2368348195210212,0.00010664061300735581,0.2672,0.7951,-0.5279,8759,0.021433825926896247,0.13066846301911936
407,0.6409591506116966,0.000109012210906372,0.8983,0.7951,0.10319999999999996,8759,0.018842734214318663,0.13001512070402377
408,-0.7836157683296744,0.00010843036931382486,-0.5432,0.7951,-1.3383,8759,0.02016458507316347,0.12936504510050365
409,1.8316235038225352,0.00011137573587331868,5.244,0.7951,4.4489,8759,0.018140152202118905,0.12871821987500112
410,0.4081315370305528,0.00011348422437187046,0.504,0.7951,-0.2911,8759,0.022066793641948867,0.12807462877562611
411,0.11595202498621127,0.00011296273891364308,0.1229,0.7951,-0.6722,8759,0.02331691567917565,0.12743425563174798
412,-0.7569513174260105,0.00011548453459404637,-0.5309,0.7951,-1.326,8759,0.015524624234535593,0.12679708435358925
413,-1.5237761091760014,0.00011760784881609193,-0.7820999999999999,0.7951,-1.5772,8759,0.016590737787795497,0.1261630989318213
414,0.09110138009884879,0.00011847311686681129,0.09539999999999998,0.7951,-0.6997,8759,0.018157806233437532,0.1255322834371622
415,1.841361325261982,0.00011891108339044013,5.3050999999999995,0.7951,4.51,8759,0.020687194958432124,0.12490462201997637
416,0.2016563116018011,0.00012070186640563507,0.2234,0.7951,-0.5717000000000001,8759,0.023175601577929594,0.1242800989098765
417,-0.3543780136218933,0.00012315419928188632,-0.2984,0.7951,-1.0935000000000001,8759,0.02083525919276876,0.12365869841532712
418,0.5147427982696371,0.00012417553870263095,0.6731999999999999,0.7951,-0.12190000000000012,8759,0.016031907324948524,0.12304040492325048
419,0.4199072500432328,0.00012400405555332064,0.5218,0.7951,-0.2733,8759,0.014040166321805466,0.12242520289863423
420,-0.680486447698918,0.00013208707688045968,-0.4936,0.7951,-1.2887,8759,0.017889327478509697,0.12181307688414106
421,0.19175808590625124,0.00013086320684875533,0.2114,0.7951,-0.5837,8759,0.020588625782046167,0.12120401149972035
422,-1.4154930801152041,0.00012550242898496717,-0.7572,0.7951,-1.5523,8759,0.019997477466041694,0.12059799144222175
423,-0.07280440434414043,0.00012513377563777702,-0.0702,0.7951,-0.8653000000000001,8759,0.015775597018869904,0.11999500148501063
424,-0.6011766404901311,0.00012410008097832567,-0.4518,0.7951,-1.2469000000000001,8759,0.02005604623385962,0.11939502647758558
425,-0.7540720344742394,0.00012299335407852605,-0.5296,0.7951,-1.3247,8759,0.015378365716328632,0.11879805134519765
426,0.9380702748101907,0.00011961727953295955,1.555,0.7951,0.7598999999999999,8759,0.016887246186636923,0.11820406108847166
427,-0.3334490419095352,0.00011710361382891431,-0.2836,0.7951,-1.0787,8759,0.017992289990351712,0.1176130407830293
428,0.961847016756061,0.00011314112689107343,1.6165,0.7951,0.8214,8759,0.01145862359180366,0.11702497557911415
429,-0.1263423990461869,0.00011408978642024617,-0.11869999999999999,0.7951,-0.9138000000000001,8759,0.00881319263967428,0.11643985070121858
430,-0.09099780740883137,0.00011093911487311836,-0.087,0.7951,-0.8821,8759,0.010328505285117634,0.11585765144771248
431,0.9108802952751879,0.00010758190388189357,1.4865000000000002,0.7951,0.6914000000000001,8759,0.016190680643203993,0.11527836319047392
432,0.18737787145610937,0.00010393151805522553,0.2061,0.7951,-0.589,8759,0.01717153090459647,0.11470197137452155
433,1.6830478851854875,0.00010579987487209478,4.3819,0.7951,3.5867999999999998,8759,0.019177366486485894,0.11412846151764894
434,-0.5636805683067504,0.0001047727143477936,-0.43090000000000006,0.7951,-1.226,8759,0.023938933589208317,0.1135578192100607
435,0.8760042616249581,0.00010579028357813006,1.4013,0.7951,0.6062,8759,0.0257701113169777,0.11299003011401039
436,0.31159870119892974,0.00010049715895776455,0.36560000000000004,0.7951,-0.4295,8759,0.023757848160504913,0.11242507996344034
437,1.9685096226565282,0.00010142561903678995,6.16,0.7951,5.3649000000000004,8759,0.015542015664680104,0.11186295456362313
438,-0.24201205811812804,0.00010391713934832574,-0.215,0.7951,-1.0101,8759,0.015476485603735768,0.11130363979080501
439,-1.2937943770384657,0.00010091543151540111,-0.7258,0.7951,-1.5209000000000001,8759,0.01882956889932753,0.11074712159185099
440,0.6704633029737,0.00010217939421630795,0.9551000000000001,0.7951,0.16000000000000003,8759,0.021604705367797464,0.11019338598389174
441,0.07964395862142605,0.00010234198661236173,0.08289999999999999,0.7951,-0.7122,8759,0.023648448953838202,0.10964241905397228
442,-0.3744687086115025,0.0001055889294909287,-0.3123,0.7951,-1.1074000000000002,8759,0.01809054213215675,0.10909420695870241
443,0.8550107586469713,0.00010559307631950927,1.3514,0.7951,0.5562999999999999,8759,0.012126574148067242,0.1085487359239089
444,-0.7443779108638787,0.00010343819722127759,-0.525,0.7951,-1.3201,8759,0.013150140824620855,0.10800599224428936
445,0.8021993859521426,0.00010755802442138755,1.2304000000000002,0.7951,0.43530000000000013,8759,0.015401184500494611,0.10746596228306791
446,-0.14897195223584755,0.00010795497076119673,-0.1384,0.7951,-0.9335,8759,0.020318422863543382,0.10692863247165257
447,0.6521397406864425,0.0001080627674172715,0.9196,0.7951,0.12449999999999994,8759,0.021468912400471142,0.1063939893092943
448,0.44022067169733803,0.00010713350844387333,0.5529999999999999,0.7951,-0.2421000000000001,8759,0.020184157375926357,0.10586201936274783
449,-0.1649781728817303,0.0001064881955035844,-0.1521,0.7951,-0.9472,8759,0.017283574411547074,0.10533270926593409
450,2.154777105782655,0.00011089503572696621,7.626,0.7951,6.830900000000001,8759,0.017699158205971323,0.10480604571960442
451,0.5784158011508393,0.00011094717803738714,0.7831999999999999,0.7951,-0.011900000000000133,8759,0.020329874760097757,0.1042820154910064
452,2.49512743825045,0.0001098068945159765,11.123299999999999,0.7951,10.328199999999999,8759,0.022748676220552433,0.10376060541355137
453,-0.610874029736094,0.00011462009201895185,-0.4571,0.7951,-1.2522,8759,0.02073878252191697,0.1032418023864836
454,-1.4945393841172334,0.0001113756290345327,-0.7756000000000001,0.7951,-1.5707,8759,0.021775254086472323,0.10272559337455119
455,0.14828217525407217,0.00011330075115090839,0.1598,0.7951,-0.6353,8759,0.021188811727807236,0.10221196540767843
456,-0.4590019380646528,0.00011218335790948602,-0.36810000000000004,0.7951,-1.1632,8759,0.0192452800019007,0.10170090558064004
457,1.9329416035843916,0.00011000042217771136,5.909800000000001,0.7951,5.114700000000001,8759,0.01825862440827884,0.10119240105273684
458,-0.027769263063052753,0.00011104978620561596,-0.0274,0.7951,-0.8225,8759,0.017195208242390816,0.10068643904747315
459,0.3112335808448881,0.00011131698862110859,0.3651,0.7951,-0.43000000000000005,8759,0.01629273000990185,0.10018300685223579
460,2.3267335517750936,0.00011586921878207172,9.2444,0.7951,8.449300000000001,8759,0.01774923952100946,0.0996820918179746
461,-0.7757680204444465,0.0001218654163698477,-0.5396,0.7951,-1.3347,8759,0.020792991261474617,0.09918368135888474
462,0.35310032983614625,0.00012079126761242276,0.4235,0.7951,-0.37160000000000004,8759,0.017977172075338575,0.09868776295209031
463,0.7470488133488524,0.00011710192364011733,1.1108,0.7951,0.3157,8759,0.017048994576525936,0.09819432413732986
464,2.959154993343715,0.00011712798722053176,18.2817,0.7951,17.4866,8759,0.01659215027059182,0.09770335251664321
465,-0.4860010606919032,0.00011677211639118478,-0.3849,0.7951,-1.1800000000000002,8759,0.01749508204165081,0.09721483575406
466,-1.1021463722665423,0.00011857012051540977,-0.6678000000000001,0.7951,-1.4629,8759,0.01960673010494985,0.09672876157528969
467,-0.17833961692673625,0.00012151183168351464,-0.16329999999999997,0.7951,-0.9584,8759,0.020673186181938013,0.09624511776741324
468,0.655148612377461,0.0001167233599832344,0.9254000000000001,0.7951,0.13030000000000008,8759,0.02041506663624902,0.09576389217857617
469,0.30796263950010555,0.0001175996128094107,0.3607,0.7951,-0.4344,8759,0.020528512463957763,0.09528507271768329
470,-0.12246414299174865,0.00011723339129509227,-0.1153,0.7951,-0.9104,8759,0.021235717986621588,0.09480864735409487
471,0.3079666988795472,0.0001148369207239525,0.3607,0.7951,-0.4344,8759,0.02029158305434185,0.0943346041173244
472,-0.12615325086456855,0.00011266818789849705,-0.1185,0.7951,-0.9136,8759,0.017855560081574025,0.09386293109673778
473,0.4823069190512868,0.00011069057570757066,0.6198,0.7951,-0.1753,8759,0.01565063162544643,0.09339361644125409
474,0.04644205073941633,0.00010594702962501061,0.0475,0.7951,-0.7476,8759,0.01718434933834573,0.09292664835904782
475,1.6165147822791406,0.00010882515910255664,4.0355,0.7951,3.2403999999999997,8759,0.012858138429310387,0.09246201511725258
476,-0.069542170157548,0.00010790096940487475,-0.0672,0.7951,-0.8623000000000001,8759,0.015577591583409196,0.09199970504166631
477,-0.04326543017618948,0.00010686106054992913,-0.042300000000000004,0.7951,-0.8374,8759,0.021369327480133565,0.09153970651645797
478,1.1176078434128343,0.00011001337279061022,2.0575,0.7951,1.2624,8759,0.01994477816539372,0.09108200798387568
479,-0.24138545653540058,0.00011111859977176717,-0.2145,0.7951,-1.0096,8759,0.016669250480113598,0.0906265979439563
480,-0.8817848342428227,0.00010887917753887553,-0.586,0.7951,-1.3811,8759,0.020014081320630005,0.09017346495423652
481,-0.7316950840854543,0.00011574944087734715,-0.5189,0.7951,-1.314,8759,0.018989336334521066,0.08972259762946533
482,0.6957459205500347,0.0001137651590016713,1.0051999999999999,0.7951,0.21009999999999984,8759,0.01479040861290528,0.089273984641318
483,0.40005532999584886,0.00011387935541186111,0.4919,0.7951,-0.3032,8759,0.009939782083332658,0.0888276147181114
484,0.3879982462936127,0.00011751952791705844,0.474,0.7951,-0.32110000000000005,8759,0.010490132104422553,0.08838347664452084
485,0.12544698711569854,0.00011681001544410398,0.13369999999999999,0.7951,-0.6614,8759,0.01531008507002484,0.08794155926129824
486,0.7192413894961435,0.00011930955409310666,1.0529000000000002,0.7951,0.25780000000000014,8759,0.018308914333513025,0.08750185146499175
487,1.5646570782274214,0.00011933424324811823,3.781,0.7951,2.9859,8759,0.016614473029419922,0.08706434220766679
488,0.9805431209178727,0.00011716848538751611,1.6659,0.7951,0.8707999999999999,8759,0.012857957560437627,0.08662902049662846
489,-0.9558406562423973,0.00011908555236153451,-0.6154999999999999,0.7951,-1.4106,8759,0.015116718454274335,0.08619587539414532
490,0.3158200266706353,0.00011312338081155439,0.3714,0.7951,-0.4237,8759,0.01518460883516429,0.08576489601717459
491,1.2394088464436914,0.0001157116928083361,2.4536000000000002,0.7951,1.6585,8759,0.012788362109627248,0.08533607153708872
492,-0.47297005221183536,0.00011590559137569586,-0.37689999999999996,0.7951,-1.172,8759,0.011804450046854187,0.08490939117940327
493,-0.9940436400797814,0.00011410715906117837,-0.6299,0.7951,-1.425,8759,0.015870975075073335,0.08448484422350626
494,1.140465888407122,0.00011283998534016467,2.1282,0.7951,1.3331,8759,0.01392195546800316,0.08406242000238873
495,0.8825311298697649,0.00011873053168762966,1.4169999999999998,0.7951,0.6218999999999998,8759,0.015965115540631254,0.08364210790237678
496,0.5619783736141676,0.00011628534071846572,0.7541,0.7951,-0.041000000000000036,8759,0.013856093455261257,0.0832238973628649
497,-0.8620068608723487,0.00011687750810745776,-0.5777,0.7951,-1.3728,8759,0.015258782425537435,0.08280777787605056
498,-1.3384886797886613,0.00011556140864385038,-0.7378,0.7951,-1.5329000000000002,8759,0.010391571099304988,0.08239373898667031
499,-0.9046718394724359,0.0001177622465748574,-0.5953,0.7951,-1.3904,8759,0.006229770914649858,0.08198177029173696
500,0.5780695806807273,0.00011974777628162517,0.7826000000000001,0.7951,-0.012499999999999956,8759,0.005629002848871453,0.08157186144027828
