episode,reward,loss,portfolio_return,market_return,excess_return,steps,policy_loss,value_loss,entropy
1,-2.014000631071009,0.0,-0.8665,0.7951,-1.6616,8759,0.0,1.2222832031118304e-07,0.000235090343790507
2,-2.120212480588749,0.0,-0.88,0.7951,-1.6751,8759,0.0,8.568772955575625e-08,0.00023092971260748192
3,-0.9397978998725558,0.0,-0.6093,0.7951,-1.4043999999999999,8759,0.0,9.192457490702114e-08,0.00022696673883944947
4,-2.7272928196818547,0.0,-0.9346,0.7951,-1.7297,8759,0.0,7.193039374910268e-08,0.00022806106556981257
5,-2.6755652225213855,0.0,-0.9311,0.7951,-1.7262,8759,0.0,7.839202959691127e-08,0.00022785102749866103
6,-2.1377633896370885,0.0,-0.8820999999999999,0.7951,-1.6772,8759,0.0,6.961249968283655e-08,0.0002279788870099944
7,-0.9034284082467212,0.0,-0.5948,0.7951,-1.3899,8759,0.0,7.20491037464435e-08,0.00022678113084794523
8,-2.5835504191065066,0.0,-0.9245,0.7951,-1.7196,8759,0.0,7.415615612175524e-08,0.00022440680256306003
9,-0.946288041684669,0.0,-0.6118,0.7951,-1.4069,8759,0.0,7.19880097510776e-08,0.00022376267492524827
10,-1.2164631154925754,0.0,-0.7037,0.7951,-1.4988000000000001,8759,0.0,8.946985083291e-08,0.00022320259028212088
11,-2.263929983595678,0.0,-0.8961,0.7951,-1.6912,8759,0.0,8.838423526822575e-08,0.00022225091764221963
12,-0.6657135833942556,0.0,-0.4861,0.7951,-1.2812000000000001,8759,0.0,8.201222835530784e-08,0.00022289984349707526
13,-1.7381101354339177,0.0,-0.8240999999999999,0.7951,-1.6192,8759,0.0,8.54434693940205e-08,0.00021841975344128888
14,-1.2729002250679566,0.0,-0.72,0.7951,-1.5151,8759,0.0,7.92701108282821e-08,0.00021546538881755215
15,-1.5387011751796016,0.0,-0.7853,0.7951,-1.5804,8759,0.0,9.115102414048559e-08,0.00021342341987112405
16,0.4942868770004421,0.0,0.6393,0.7951,-0.15580000000000005,8759,0.0,9.447294353753842e-08,0.00021077275852668506
17,-1.51702742513552,0.0,-0.7806000000000001,0.7951,-1.5757,8759,0.0,8.708211903213063e-08,0.0002053340756585385
18,-0.13452940020019105,0.0,-0.1259,0.7951,-0.921,8759,0.0,8.54491768391046e-08,0.00020020951662417236
19,-0.6002978497361312,0.0,-0.4514,0.7951,-1.2465000000000002,8759,0.0,8.493191949564936e-08,0.0002008222034840411
20,-1.6038200184951967,0.0,-0.7989,0.7951,-1.594,8759,0.0,8.060264059182186e-08,0.0001989967854522118
21,-0.14026986459572363,0.0,-0.1309,0.7951,-0.926,8759,0.0,1.12382898395754e-07,0.00020102327629356413
22,-0.7791056377720275,0.0,-0.5412,0.7951,-1.3363,8759,0.0,1.167941774364215e-07,0.00020161912502494327
23,0.3831763239559778,0.0,0.4669,0.7951,-0.32820000000000005,8759,0.0,9.897043414141798e-08,0.00020229500691589986
24,-0.8809310721775679,0.0,-0.5856,0.7951,-1.3807,8759,0.0,8.804729575288326e-08,0.0002013497327017422
25,1.2203873541771286,0.0,2.3885,0.7951,1.5934,8759,0.0,1.059269144827498e-07,0.00020072319901485858
26,1.4216858650215463,0.0,3.1441000000000003,0.7951,2.349,8759,0.0,7.702538424624694e-08,0.00019931383382931913
27,-1.3615275955193071,0.0,-0.7437,0.7951,-1.5388000000000002,8759,0.0,9.005158510945252e-08,0.00019342295121037667
28,-0.41127041223431593,0.0,-0.3372,0.7951,-1.1323,8759,0.0,1.0410278231706335e-07,0.00019150776810657237
29,-1.0845820789396163,0.0,-0.662,0.7951,-1.4571,8759,0.0,1.0237649128492788e-07,0.00019289187372757558
30,-0.21179831404932453,0.0,-0.1909,0.7951,-0.986,8759,0.0,1.0983495922259228e-07,0.00018926090047295536
31,-0.8047792088134893,0.0,-0.5528,0.7951,-1.3479,8759,0.0,1.1213399503710964e-07,0.00018731128163889706
32,0.22534602849145888,0.0,0.2528,0.7951,-0.5423,8759,0.0,1.0915519201553896e-07,0.00018187090830940595
33,0.13636539258292976,0.0,0.1461,0.7951,-0.649,8759,0.0,1.0788106140063993e-07,0.00017594292338447262
34,-0.5589860210687819,0.0,-0.4282,0.7951,-1.2233,8759,0.0,1.0684280517535686e-07,0.0001755386608019713
35,0.4428017864319096,0.0,0.5571,0.7951,-0.238,8759,0.0,1.1521630580042479e-07,0.00016963446472579975
36,0.2731230786924585,0.0,0.3141,0.7951,-0.48100000000000004,8759,0.0,1.3119956988300975e-07,0.0001677977585815927
37,-0.8274838396170707,0.0,-0.5629,0.7951,-1.358,8759,0.0,1.1244353730384051e-07,0.00017608666751031796
38,0.3353410789432023,0.0,0.39840000000000003,0.7951,-0.3967,8759,0.0,1.0783390913792605e-07,0.00018173873112544965
39,-0.253226544798404,0.0,-0.2237,0.7951,-1.0188000000000001,8759,0.0,1.1585004934060149e-07,0.00017484945924488052
40,-0.11214827588366104,0.0,-0.1061,0.7951,-0.9012,8759,0.0,1.0768151118573767e-07,0.0001799883728456869
41,-0.43684491657053165,0.0,-0.3539,0.7951,-1.149,8759,0.0,1.0800283035697307e-07,0.00018367509285430178
42,-1.0594921977737175,0.0,-0.6534,0.7951,-1.4485000000000001,8759,0.0,1.0395572235585068e-07,0.00017849423531779605
43,-0.3870658504619967,0.0,-0.321,0.7951,-1.1161,8759,0.0,1.07135547909268e-07,0.00017179914068639094
44,0.5865367206331586,0.0,0.7978000000000001,0.7951,0.0027000000000000357,8759,0.0,1.186799695355378e-07,0.000169140791401121
45,-0.835585861387193,0.0,-0.5664,0.7951,-1.3615,8759,0.0,1.280742269081573e-07,0.00017078274825731724
46,-0.11079148626732434,0.0,-0.10490000000000001,0.7951,-0.9,8759,0.0,1.1555192814869042e-07,0.00017617945497796464
47,0.13506727790946213,0.0,0.1446,0.7951,-0.6505000000000001,8759,0.0,1.201618290213596e-07,0.00016629593211944612
48,-0.41134224972892597,0.0,-0.3372,0.7951,-1.1323,8759,0.0,1.3312400350940948e-07,0.000159707241457158
49,-0.11472347074098636,0.0,-0.1084,0.7951,-0.9035,8759,0.0,1.1475026212581077e-07,0.0001537186715261659
50,-0.7234612838423012,0.0,-0.5149,0.7951,-1.31,8759,0.0,1.3531993828365816e-07,0.00014963527487598722
51,-0.47133190030727207,0.0,-0.37579999999999997,0.7951,-1.1709,8759,0.0,1.3373354963662864e-07,0.00016108576395616725
52,-0.06181175074798426,0.0,-0.0599,0.7951,-0.855,8759,0.0,1.1622099168838136e-07,0.00016380195629565092
53,0.2755141626708265,0.0,0.3172,0.7951,-0.47790000000000005,8759,0.0,1.213611614594956e-07,0.00016419627087102073
54,0.9978051600008386,0.0,1.7123,0.7951,0.9171999999999999,8759,0.0,1.1674365428999343e-07,0.00015901232189581837
55,-0.7181037227388436,0.0,-0.5123,0.7951,-1.3074,8759,0.0,1.286172804697662e-07,0.0001537715269917295
56,-0.35158702977611533,0.0,-0.2964,0.7951,-1.0915,8759,0.0,1.3371542587895316e-07,0.0001450068549957162
57,-0.5600387566634333,0.0,-0.4288,0.7951,-1.2239,8759,0.0,1.2377676623592478e-07,0.00013999397881611
58,-0.3005328767551938,0.0,-0.2596,0.7951,-1.0547,8759,0.0,1.3885431462075864e-07,0.00014202612669026292
59,-0.24695963730479514,0.0,-0.2188,0.7951,-1.0139,8759,0.0,1.2733293676377016e-07,0.00013829549919212113
60,0.9838968347105902,0.0,1.6749,0.7951,0.8798,8759,0.0,1.341951071650724e-07,0.00013903970864349684
61,-0.3665080663013369,0.0,-0.3068,0.7951,-1.1019,8759,0.0,1.2708597557975273e-07,0.0001436170510402755
62,-0.4328033020542622,0.0,-0.3513,0.7951,-1.1464,8759,0.0,1.2254830032344816e-07,0.00014923700254580662
63,0.3021813687588709,0.0,0.3528,0.7951,-0.4423,8759,0.0,1.1300844425907484e-07,0.00014673462021217275
64,0.7349625509421234,0.0,1.0854000000000001,0.7951,0.2903000000000001,8759,0.0,1.3457970364101528e-07,0.00013924516121469405
65,0.6651972359430857,0.0,0.9449,0.7951,0.14979999999999993,8759,0.0,1.4497182138670447e-07,0.00013799518433586991
66,-0.35621824066974184,0.0,-0.29969999999999997,0.7951,-1.0948,8759,0.0,1.3187214406135065e-07,0.00013725490087454636
67,1.0822098280699464,0.0,1.9512,0.7951,1.1561,8759,0.0,1.1916462485195019e-07,0.00013372985973708937
68,-0.026002837948777516,0.0,-0.025699999999999997,0.7951,-0.8208,8759,0.0,1.267161852021551e-07,0.0001347619769137859
69,0.3929609859805113,0.0,0.4814,0.7951,-0.31370000000000003,8759,1.2341354274563677e-08,1.2809336446968584e-07,0.00013406543238263292
70,0.6733987630994116,0.0,0.9609000000000001,0.7951,0.16580000000000006,8759,0.0,1.1631216694381702e-07,0.00013740829135407666
71,-0.04407824113742652,0.0,-0.0431,0.7951,-0.8382000000000001,8759,0.0,1.440207822155872e-07,0.00013828427190217798
72,1.022824903165273,0.0,1.781,0.7951,0.9858999999999999,8759,0.0,1.2116160386545512e-07,0.00014643167680351965
73,0.006245236127159005,0.0,0.0063,0.7951,-0.7888000000000001,8759,0.0,1.1788196779745634e-07,0.00014255900430850866
74,0.6956317326369905,0.0,1.005,0.7951,0.20989999999999986,8759,0.0,1.170851583935038e-07,0.0001426866456885872
75,0.3543000984206567,0.0,0.4252,0.7951,-0.3699,8759,0.0,1.309783858963107e-07,0.00014420149895523108
76,0.11236580333084219,0.0,0.1189,0.7951,-0.6762,8759,0.0,1.3193137708899032e-07,0.00014726275834961707
77,-0.2467425097797321,0.0,-0.2187,0.7951,-1.0138,8759,0.0,1.1218405811822017e-07,0.00014437313129735701
78,0.2802425456004304,0.0,0.3235,0.7951,-0.4716,8759,0.0,1.29580019898152e-07,0.00014117045656358818
79,0.20404955521770146,0.0,0.22640000000000002,0.7951,-0.5687,8759,0.0,1.328907061549693e-07,0.00013255076548248523
80,-0.12535495761742285,0.0,-0.11779999999999999,0.7951,-0.9129,8759,0.0,1.3476565467413954e-07,0.0001240965206250664
81,-0.2557538948823474,0.0,-0.2257,0.7951,-1.0208,8759,0.0,1.47630622931631e-07,0.00012465338993700433
82,1.071077021723517,0.0,1.9184999999999999,0.7951,1.1233999999999997,8759,7.06245378846009e-09,1.4476061578963798e-07,0.00012052573057341882
83,0.9549041518800444,0.0,1.5984,0.7951,0.8033,8759,0.0,1.4582220569277729e-07,0.00012559250230953926
84,0.14780647118446222,0.0,0.1593,0.7951,-0.6358,8759,0.0,1.2329936838380567e-07,0.0001235455794267268
85,-0.515893398587751,0.0,-0.40299999999999997,0.7951,-1.1981,8759,0.0,1.4780415404445048e-07,0.00012334455539436242
86,-0.632216054890945,0.0,-0.4686,0.7951,-1.2637,8759,0.0,1.437948814073404e-07,0.00012784663771495962
87,0.3935361582674478,0.0,0.48219999999999996,0.7951,-0.31290000000000007,8759,0.0,1.3207336252538493e-07,0.00013074521922535335
88,0.38067287697585195,0.0,0.4633,0.7951,-0.33180000000000004,8759,0.0,1.2602911090807461e-07,0.00012623711170871735
89,0.1403666702925921,0.0,0.1507,0.7951,-0.6444000000000001,8759,0.0,1.3391567229159596e-07,0.0001246442448158122
90,0.16223516222786805,0.0,0.1761,0.7951,-0.619,8759,0.0,1.385423594122107e-07,0.00011411502142996478
91,0.2183206666086525,0.0,0.244,0.7951,-0.5511,8759,0.0,1.34948578502213e-07,0.00011669105603138056
92,0.5835405631057179,0.0,0.7924,0.7951,-0.0027000000000000357,8759,0.0,1.55720923139913e-07,0.00011478809300903086
93,-0.2895493440310392,0.0,-0.2514,0.7951,-1.0465,8759,1.2138290189227877e-08,1.4412834997494408e-07,0.00012049677356862808
94,-0.059394290659242566,0.0,-0.057699999999999994,0.7951,-0.8528,8759,0.0,1.373821412573382e-07,0.00012475328766894923
95,-0.0700782533937539,0.0,-0.0677,0.7951,-0.8628,8759,0.0,1.4426783239189028e-07,0.00012529649457077228
96,0.23530056146749131,0.0,0.26530000000000004,0.7951,-0.5298,8759,0.0,1.2772626340294386e-07,0.0001266027538830895
97,0.04598481103595643,0.0,0.0471,0.7951,-0.748,8759,0.0,1.4449641141500015e-07,0.00012493556802258807
98,0.5159207898143401,0.0,0.6751999999999999,0.7951,-0.11990000000000012,8759,0.0,1.351345913212193e-07,0.0001248440442534012
99,0.8738272747298288,0.0,1.3961000000000001,0.7951,0.6010000000000001,8759,0.0,1.5138989878794958e-07,0.00012264499088901078
100,0.8556221020813044,0.0,1.3528,0.7951,0.5577,8759,0.0,1.3214271686874274e-07,0.00012712699126347213
101,-0.09993548773783471,0.0,-0.0951,0.7951,-0.8902,8759,0.0,1.3739887107943312e-07,0.00013032643523071328
102,-0.6757346920832527,0.0,-0.49119999999999997,0.7951,-1.2863,8759,0.0,1.229703720650963e-07,0.00013399858274031816
103,1.0274013179526842,0.0,1.7938,0.7951,0.9987,8759,2.5647088013719836e-08,1.3280717989471616e-07,0.00013031346194697813
104,-0.5464517617805241,0.0,-0.42100000000000004,0.7951,-1.2161,8759,0.0,1.3488254330371448e-07,0.00012911692508971715
105,0.896069423700653,0.0,1.45,0.7951,0.6548999999999999,8759,0.0,1.3590557179506198e-07,0.00013239441283366293
106,0.20936437190316748,0.0,0.2329,0.7951,-0.5622,8759,0.0,1.1737445750128402e-07,0.00013326489318590706
107,0.690693847778528,0.0,0.9951000000000001,0.7951,0.20000000000000007,8759,0.0,1.22562197041538e-07,0.0001252971776993496
108,0.8532129574203065,0.0,1.3472,0.7951,0.5520999999999999,8759,0.0,1.398273755535457e-07,0.00012672749098570742
109,-0.1496040543708433,0.0,-0.139,0.7951,-0.9341,8759,0.0,1.3624975915817085e-07,0.00012838225718570794
110,-0.053215402302268934,0.0,-0.0518,0.7951,-0.8469,8759,0.0,1.3462492594075748e-07,0.0001235059494257889
111,0.3768621939546655,0.0,0.45770000000000005,0.7951,-0.3374,8759,0.0,1.403491844185765e-07,0.00011578275756089169
112,-0.6206942128158227,0.0,-0.46240000000000003,0.7951,-1.2575,8759,2.6432905187806354e-08,1.3511984258854924e-07,0.00012215878048202344
113,1.3647770608525287,0.0,2.9149000000000003,0.7951,2.1198,8759,0.0,1.333792382110887e-07,0.0001272953983029069
114,0.571257958463178,0.0,0.7705,0.7951,-0.024600000000000066,8759,0.0,1.4196966920745842e-07,0.00012145540132470632
115,0.8425058179920684,0.0,1.3222,0.7951,0.5271,8759,0.0,1.4145354721445012e-07,0.00012007424017761546
116,0.2063331673910062,0.0,0.22920000000000001,0.7951,-0.5659000000000001,8759,0.0,1.3361431234316948e-07,0.0001272163932262577
117,0.6475419952246385,0.0,0.9107999999999999,0.7951,0.11569999999999991,8759,0.0,1.2483041282722667e-07,0.00013729647674635
118,0.5760657126781902,0.0,0.779,0.7951,-0.016100000000000003,8759,2.0540291004567398e-08,1.2492184103491223e-07,0.00013161216179312927
119,0.7550387269417017,0.0,1.1277,0.7951,0.3325999999999999,8759,0.0,1.357292625367492e-07,0.0001256290216862637
120,-0.6983582024153261,0.0,-0.5025999999999999,0.7951,-1.2976999999999999,8759,0.0,1.3036865960170203e-07,0.00012919808052131349
121,-0.07782131194850192,0.0,-0.07490000000000001,0.7951,-0.87,8759,0.0,1.3561406080121182e-07,0.00012460988918043428
122,0.2361287843275527,0.0,0.2663,0.7951,-0.5288,8759,0.0,1.332847639654819e-07,0.0001329454023248666
123,0.1996174314000769,0.0,0.22089999999999999,0.7951,-0.5742,8759,0.0,1.2470631000166605e-07,0.00013955269350094586
124,0.1665644203844808,0.0,0.1812,0.7951,-0.6139,8759,0.0,1.4067598618643048e-07,0.00013646029311939194
125,0.1776271785101642,0.0,0.19440000000000002,0.7951,-0.6007,8759,0.0,1.2902818042049725e-07,0.00014233739857523508
126,-0.5396936587369522,0.0,-0.4171,0.7951,-1.2122000000000002,8759,0.0,1.1628248683116335e-07,0.00014432830578395414
127,-0.21916108672809043,0.0,-0.1968,0.7951,-0.9919,8759,0.0,1.1794923017635113e-07,0.00014474441999906226
128,0.8648477947103157,0.0,1.3746,0.7951,0.5795,8759,0.0,1.299408464236396e-07,0.0001441197780165561
129,-0.23768358717131668,0.0,-0.2115,0.7951,-1.0066,8759,0.0,1.2151135775454265e-07,0.0001436220520153251
130,0.5750172942177695,0.0,0.7772,0.7951,-0.017900000000000027,8759,0.0,1.1353303694492628e-07,0.00014821254224057974
131,-0.24493232859719793,0.0,-0.21719999999999998,0.7951,-1.0123,8759,0.0,1.0635405493443086e-07,0.00015155317179287858
132,0.39756713376251196,0.0,0.4882,0.7951,-0.3069,8759,0.0,1.195668724993632e-07,0.0001507413908022072
133,0.06172906106695198,0.0,0.0637,0.7951,-0.7314,8759,0.0,1.4132975356689847e-07,0.00014579251162071013
134,-0.549585936950741,0.0,-0.4228,0.7951,-1.2179,8759,0.0,1.272193940307043e-07,0.00015136142930376973
135,-0.15037321824193509,0.0,-0.1396,0.7951,-0.9347000000000001,8759,0.0,1.154813476253947e-07,0.00015327138056059634
136,-0.4175337335031177,0.0,-0.34130000000000005,0.7951,-1.1364,8759,0.0,1.1430249635828136e-07,0.00015271739482562935
137,1.1279365135725936,0.0,2.0893,0.7951,1.2942,8759,0.0,1.0428671655349494e-07,0.00015631655302950577
138,0.863448012426602,0.0,1.3713,0.7951,0.5761999999999999,8759,0.0,1.129037799025961e-07,0.0001541491698124314
139,-0.31096655584680977,0.0,-0.2673,0.7951,-1.0624,8759,0.0,1.258681058490319e-07,0.0001502116371076497
140,-0.5277117679347839,0.0,-0.41,0.7951,-1.2051,8759,0.0,1.1644083074983205e-07,0.0001520709168440365
141,-0.8116569117649813,0.0,-0.5559000000000001,0.7951,-1.351,8759,0.0,1.218977867609412e-07,0.00015449873926730193
142,-0.004437616206317644,0.0,-0.0044,0.7951,-0.7995,8759,0.0,1.0376815709834507e-07,0.0001567698979507627
143,0.5759862345373206,0.0,0.7789,0.7951,-0.016199999999999992,8759,0.0,1.1022658373650805e-07,0.00015549823125531411
144,0.1980189366044933,0.0,0.21899999999999997,0.7951,-0.5761000000000001,8759,0.0,1.0866949947848482e-07,0.0001529705193952011
145,-0.008259450039588256,0.0,-0.008199999999999999,0.7951,-0.8033,8759,0.0,1.054482005549629e-07,0.00015831411265785925
146,0.4051628057090602,0.0,0.49950000000000006,0.7951,-0.2956,8759,0.0,1.0290434322153233e-07,0.00015630497823956063
147,0.05022807234722383,0.0,0.051500000000000004,0.7951,-0.7436,8759,0.0,1.1599351247822536e-07,0.0001483648466087546
148,1.187424934248061,0.0,2.2786,0.7951,1.4834999999999998,8759,0.0,1.1043939591202881e-07,0.00014198334673790647
149,-0.6153085348822017,0.0,-0.4595,0.7951,-1.2546,8759,0.0,1.2256900079494004e-07,0.0001380450088126371
150,0.749599115810709,0.0,1.1162,0.7951,0.32110000000000005,8759,0.0,1.1050616607754457e-07,0.00014232909754227665
151,-0.2300822564271967,0.0,-0.20550000000000002,0.7951,-1.0006,8759,0.0,1.23435643877002e-07,0.00014325248372672273
152,-0.35191249874534497,0.0,-0.2967,0.7951,-1.0918,8759,0.0,1.201531360994328e-07,0.00014249277528351442
153,-0.2668758872408796,0.0,-0.23420000000000002,0.7951,-1.0293,8759,0.0,1.2561411497780117e-07,0.00014247965388013864
154,0.047597521349787515,0.0,0.0487,0.7951,-0.7464000000000001,8759,0.0,1.3724385944497658e-07,0.00014991458746493175
155,0.20985017146737764,0.0,0.2335,0.7951,-0.5616,8759,0.0,1.0562587969541227e-07,0.00016162194851178867
156,-0.8632327005621496,0.0,-0.5782,0.7951,-1.3733,8759,0.0,9.191424971608244e-08,0.00016105514881359202
157,-0.20552470956002059,0.0,-0.1858,0.7951,-0.9809,8759,0.0,1.011571731936925e-07,0.00016289981867335997
158,-0.16365363294508578,0.0,-0.151,0.7951,-0.9461,8759,0.0,1.0917000014511782e-07,0.00015935231535631677
159,-0.27010304294085363,0.0,-0.23670000000000002,0.7951,-1.0318,8759,0.0,1.0121397373722879e-07,0.00016084285149571534
160,0.41405707729419705,0.0,0.5129,0.7951,-0.2822,8759,1.3477301212969686e-08,1.0415810329791153e-07,0.00016564689058027023
161,-0.09143181067598527,0.0,-0.0874,0.7951,-0.8825000000000001,8759,0.0,1.0884963646617246e-07,0.00017079729261756927
162,-0.3226418149198993,0.0,-0.2758,0.7951,-1.0709,8759,0.0,8.716846244968918e-08,0.00017395198215095346
163,0.7451752037172854,0.0,1.1068,0.7951,0.3117,8759,0.0,9.494828036057925e-08,0.00017553695069565093
164,-0.7258892197547321,0.0,-0.5161,0.7951,-1.3112,8759,0.0,8.356586785334732e-08,0.00017655640113467603
165,-0.9872356626549913,0.0,-0.6274000000000001,0.7951,-1.4225,8759,0.0,1.0555983967046014e-07,0.00017499152038490308
166,-0.47852498181737013,0.0,-0.3803,0.7951,-1.1754,8759,0.0,9.606604170085729e-08,0.00018158411066181434
167,-0.12394043613265936,0.0,-0.1166,0.7951,-0.9117000000000001,8759,0.0,7.185337489436297e-08,0.00017600249022943363
168,-0.33137023867031346,0.0,-0.2821,0.7951,-1.0772,8759,0.0,9.562499597565169e-08,0.00016685119460399146
169,-0.2878857590120753,0.0,-0.2502,0.7951,-1.0453000000000001,8759,0.0,1.1328085744900474e-07,0.00015919702579622974
170,-0.46666764970350105,0.0,-0.3729,0.7951,-1.1680000000000001,8759,0.0,1.0798387192599536e-07,0.0001608932851157464
171,-0.5135557413882282,0.0,-0.40159999999999996,0.7951,-1.1966999999999999,8759,0.0,1.0052343565020248e-07,0.0001686564046116575
172,1.0126306461945689,0.0,1.7528,0.7951,0.9576999999999999,8759,0.0,9.453112947941071e-08,0.00017311035736240817
173,0.7771438972778805,0.0,1.1753,0.7951,0.3802,8759,0.0,8.366206229915946e-08,0.0001737826216720479
174,0.03846286861077571,0.0,0.0392,0.7951,-0.7559,8759,0.0,1.009632281649047e-07,0.00016951517933990777
175,-0.8010594194089723,0.0,-0.5511,0.7951,-1.3462,8759,0.0,1.0369735552832552e-07,0.00016455417237853966
176,-0.21541979332327363,0.0,-0.1938,0.7951,-0.9889,8759,0.0,9.856887516102263e-08,0.00016531164792561617
177,-0.08378051847443088,0.0,-0.08039999999999999,0.7951,-0.8755000000000001,8759,0.0,1.0592649840121915e-07,0.00015347930919348558
178,0.1737772623267239,0.0,0.1898,0.7951,-0.6053000000000001,8759,1.513082670259356e-08,1.0875297752877252e-07,0.0001607731262114104
179,-0.273591767299032,0.0,-0.2394,0.7951,-1.0345,8759,0.0,8.727230162206151e-08,0.00016698071238970523
180,-0.557678797486296,0.0,-0.4275,0.7951,-1.2226,8759,0.0,7.96736750788773e-08,0.0001685500201881738
181,-0.47534532245093697,0.0,-0.37829999999999997,0.7951,-1.1734,8759,0.0,8.702514765881606e-08,0.00017384205991816595
182,-0.3801738527595587,0.0,-0.31629999999999997,0.7951,-1.1114,8759,0.0,6.864900688506334e-08,0.00017510491560602487
183,0.4679642688714704,0.0,0.5967,0.7951,-0.19840000000000002,8759,0.0,7.833364894159147e-08,0.00017111581188430035
184,0.7472830907017215,0.0,1.1113,0.7951,0.3161999999999999,8759,0.0,7.864461241094032e-08,0.00016512008248964586
185,0.5277464705026016,0.0,0.6951,0.7951,-0.09999999999999998,8759,0.0,8.785023318068779e-08,0.00015605743306663981
186,0.38216398699059273,0.0,0.46549999999999997,0.7951,-0.32960000000000006,8759,0.0,8.675385724387486e-08,0.0001527099224083131
187,-0.14032989360087933,0.0,-0.1309,0.7951,-0.926,8759,0.0,9.772799183798691e-08,0.00014931113505998203
188,1.1285440932030917,0.0,2.0912,0.7951,1.2961,8759,0.0,1.1781772914929334e-07,0.0001448744306228291
189,-0.27960900604977734,0.0,-0.2439,0.7951,-1.0390000000000001,8759,0.0,1.2173971824116967e-07,0.0001535053854028949
190,0.6680021237214581,0.0,0.9503,0.7951,0.1552,8759,0.0,1.0905702199798134e-07,0.0001540593208954016
191,1.0592756640713563,0.0,1.8843,0.7951,1.0892,8759,0.0,1.1414654279532462e-07,0.00015004892316233643
192,1.0436834126982222,0.0,1.8397,0.7951,1.0446,8759,0.0,1.1557762059202847e-07,0.00014836684823558833
193,-0.7946718827516744,0.0,-0.5483,0.7951,-1.3434,8759,0.0,1.2171904761365334e-07,0.00013918823797252094
194,-1.106604884686715,0.0,-0.6693000000000001,0.7951,-1.4644000000000001,8759,0.0,1.2298040169032294e-07,0.000139893923377975
195,-0.7361888627722893,0.0,-0.5211,0.7951,-1.3162,8759,0.0,1.21036947507514e-07,0.00013647362458244587
196,0.6614756313345709,0.0,0.9376000000000001,0.7951,0.14250000000000007,8759,0.0,1.2312621258232344e-07,0.00014270018882563463
197,-1.042022655949402,0.0,-0.6473,0.7951,-1.4424000000000001,8759,3.4677061082782774e-09,1.2655925955748996e-07,0.000146191057217223
198,-0.6348123771933624,0.0,-0.47,0.7951,-1.2651,8759,0.0,1.2640216024538284e-07,0.0001467446786633086
199,-0.11272541549365266,0.0,-0.1066,0.7951,-0.9017000000000001,8759,0.0,1.1693414337185418e-07,0.00014846296804745047
200,0.12287734002799112,0.0,0.1307,0.7951,-0.6644,8759,0.0,1.0514376082588379e-07,0.00015532175604169866
201,-0.3442324560893959,0.0,-0.2912,0.7951,-1.0863,8759,0.0,1.029862011902098e-07,0.00016193743438066823
202,0.4901942381955591,0.0,0.6325999999999999,0.7951,-0.1625000000000001,8759,0.0,9.914840724684605e-08,0.00016038879284839666
203,-0.4652696541363896,0.0,-0.37200000000000005,0.7951,-1.1671,8759,0.0,1.1367574637361323e-07,0.00015257397413406972
204,0.3954997406176749,0.0,0.4851,0.7951,-0.31000000000000005,8759,0.0,1.0698555141484753e-07,0.00015269215987319303
205,0.4976304302268871,0.0,0.6448,0.7951,-0.1503,8759,0.0,1.0215726835423319e-07,0.00015368614811385437
206,0.42502307588747135,0.0,0.5296,0.7951,-0.26550000000000007,8759,0.0,1.0986875682161108e-07,0.00015915204876070624
207,-0.48519199903330523,0.0,-0.38439999999999996,0.7951,-1.1795,8759,0.0,1.0273786632837748e-07,0.00016461530821382543
208,-1.0546373402678983,0.0,-0.6517000000000001,0.7951,-1.4468,8759,0.0,1.0806550360312193e-07,0.00016347870638959926
209,-0.4945704776827237,0.0,-0.39020000000000005,0.7951,-1.1853,8759,0.0,1.0052901671617576e-07,0.00016409891362436746
210,-0.877126975903785,0.0,-0.584,0.7951,-1.3791,8759,0.0,8.682098612524613e-08,0.0001687305317613389
211,-0.03058936342165391,0.0,-0.0301,0.7951,-0.8252,8759,0.0,8.097225314855957e-08,0.0001713908129350202
212,1.0693680226871205,0.0,1.9135,0.7951,1.1183999999999998,8759,0.0,9.487326147057848e-08,0.0001655688790650367
213,-0.5098433291329199,0.0,-0.3994,0.7951,-1.1945000000000001,8759,0.0,9.59768802407393e-08,0.000167854353223671
214,0.5755358424075079,0.0,0.7781,0.7951,-0.017000000000000015,8759,0.0,8.873563965285722e-08,0.00016600312261254391
215,0.5164320234447864,0.0,0.6759999999999999,0.7951,-0.1191000000000001,8759,0.0,8.523133622654688e-08,0.00016499528518548385
216,0.776685673162828,0.0,1.1743000000000001,0.7951,0.3792000000000001,8759,0.0,1.0201429228823879e-07,0.00015996645400721718
217,0.06884207118946835,0.0,0.0713,0.7951,-0.7238,8759,0.0,1.115756396470138e-07,0.0001573557327116023
218,0.13575379672443624,0.0,0.1454,0.7951,-0.6497,8759,0.0,1.0657708828960274e-07,0.0001589804454762563
219,-0.11978358050525272,0.0,-0.11289999999999999,0.7951,-0.908,8759,0.0,1.0140558394483784e-07,0.00015202500345594915
220,-0.47798507535031864,0.0,-0.38,0.7951,-1.1751,8759,0.0,1.1298279049406277e-07,0.00015485944287853878
221,-0.4310938132519715,0.0,-0.3502,0.7951,-1.1453,8759,0.0,1.1458070072862719e-07,0.00015412774293052108
222,0.7391170679243444,0.0,1.0941,0.7951,0.29900000000000004,8759,0.0,1.2818299797030458e-07,0.0001550464507546278
223,-0.41089854274645227,0.0,-0.3369,0.7951,-1.1320000000000001,8759,0.0,1.1023029980260483e-07,0.0001573165387248178
224,0.559074058215164,0.0,0.7491,0.7951,-0.04600000000000004,8759,0.0,1.122654560215801e-07,0.00015788500687999928
225,-0.7697811862588662,0.0,-0.5368999999999999,0.7951,-1.3319999999999999,8759,0.0,1.0496033879987137e-07,0.00016033703186379267
226,0.4930016125154895,0.0,0.6372,0.7951,-0.15790000000000004,8759,0.0,1.0926438725989784e-07,0.00016010963692254622
227,-0.640836566232391,0.0,-0.4731,0.7951,-1.2682,8759,0.0,1.0552428009452084e-07,0.00015589302043939163
228,0.00021159923052525885,0.0,0.0002,0.7951,-0.7949,8759,0.0,1.0150335856306733e-07,0.0001510462610576407
229,-0.6121714902875456,0.0,-0.4578,0.7951,-1.2529,8759,0.0,1.2442955739339314e-07,0.00015302940271421487
230,0.05689417176098179,0.0,0.058499999999999996,0.7951,-0.7366,8759,0.0,1.1821390627619376e-07,0.00014972806048096235
231,-0.5149915387348698,0.0,-0.4025,0.7951,-1.1976,8759,0.0,1.217933604711049e-07,0.00014602868664919874
232,0.2752694880174163,0.0,0.3169,0.7951,-0.4782,8759,0.0,1.2523480526330334e-07,0.0001400152656747919
233,0.4066291301484988,0.0,0.5017,0.7951,-0.2934,8759,0.0,1.1704617710450303e-07,0.00013167573492170348
234,-0.12200600851548768,0.0,-0.1149,0.7951,-0.91,8759,0.0,1.2775748451855482e-07,0.00012805813258152032
235,-0.37092245560460313,0.0,-0.3099,0.7951,-1.105,8759,0.0,1.3500391021525069e-07,0.00012731590681324255
236,0.42043316291335375,0.0,0.5226,0.7951,-0.2725000000000001,8759,0.0,1.293641926322215e-07,0.00012975033974603275
237,0.08926371366738414,0.0,0.0934,0.7951,-0.7017,8759,0.0,1.2857572025381384e-07,0.00012815203376531466
238,0.3183360723064619,0.0,0.37479999999999997,0.7951,-0.42030000000000006,8759,0.0,1.3339663076104494e-07,0.00012461515461758874
239,0.2839399620138525,0.0,0.3284,0.7951,-0.4667,8759,0.0,1.3909310444300638e-07,0.00011998757167289276
240,0.9638489186064538,0.0,1.6218000000000001,0.7951,0.8267000000000001,8759,0.0,1.451426475026941e-07,0.00012045369998473055
241,0.43030214916841314,0.0,0.5377000000000001,0.7951,-0.25739999999999996,8759,0.0,1.4433531342853562e-07,0.00011730634473294139
242,0.4362539212132002,0.0,0.5468999999999999,0.7951,-0.2482000000000001,8759,0.0,1.3915668061797016e-07,0.00011602605294935819
243,0.3534608182985258,0.0,0.424,0.7951,-0.37110000000000004,8759,0.0,1.4085920628963194e-07,0.00011318371273225225
244,0.3825316075162721,0.0,0.466,0.7951,-0.3291,8759,0.0,1.5168428315273734e-07,0.00010665042521073144
245,0.12782585380521524,0.0,0.1364,0.7951,-0.6587000000000001,8759,2.745834661490752e-08,1.4239446722841395e-07,0.0001165901441492906
246,0.7203055020590363,0.0,1.0551000000000001,0.7951,0.2600000000000001,8759,0.0,1.4270926814067868e-07,0.00011306955929205455
247,1.0016175411961095,0.0,1.7227000000000001,0.7951,0.9276000000000001,8759,0.0,1.391611892896116e-07,0.00011081320086266154
248,0.9614043776201406,0.0,1.6154,0.7951,0.8202999999999999,8759,0.0,1.4873581504077548e-07,0.00010746479940029894
249,0.5763295790293532,0.0,0.7795000000000001,0.7951,-0.015599999999999947,8759,0.0,1.4413419372489847e-07,0.00012146225947020306
250,0.06073700283760674,0.0,0.0626,0.7951,-0.7325,8759,0.0,1.3455988057149204e-07,0.0001222078200290049
251,1.1965431768282262,0.0,2.3087,0.7951,1.5135999999999998,8759,0.0,1.353541137709524e-07,0.00011594580858766409
252,1.049018155723148,0.0,1.8548,0.7951,1.0596999999999999,8759,0.0,1.4536528699257397e-07,0.0001054610486987974
253,0.6220734024828884,0.0,0.8628,0.7951,0.06769999999999998,8759,0.0,1.4660277796702124e-07,0.00010504968769858883
254,1.3109280923693831,0.0,2.7096,0.7951,1.9144999999999999,8759,0.0,1.3063636373727905e-07,0.0001133511335491972
255,-0.01816275642146266,0.0,-0.018000000000000002,0.7951,-0.8131,8759,0.0,1.5327092453979839e-07,0.00012251809908521216
256,0.6149135539366769,0.0,0.8495,0.7951,0.054400000000000004,8759,0.0,1.2097510291979055e-07,0.0001339952919585136
257,1.0737860342368137,0.0,1.9264,0.7951,1.1313,8759,0.0,1.2053873279118542e-07,0.00013498317172930063
258,1.393438677093539,0.0,3.0287,0.7951,2.2336,8759,0.0,1.1966441672719428e-07,0.00013313039563476363
259,0.12086819018986464,0.0,0.1285,0.7951,-0.6666000000000001,8759,0.0,1.1729076945782134e-07,0.00013757855537769144
260,1.5081794451842072,0.0,3.5185000000000004,0.7951,2.7234000000000003,8759,0.0,1.2764968855161773e-07,0.00013949210151607773
261,1.2914664578719692,0.0,2.6381,0.7951,1.843,8759,0.0,1.2600659305246004e-07,0.00013849577490240438
262,0.8922975422616862,0.0,1.4406999999999999,0.7951,0.6455999999999998,8759,0.0,1.3133315151781252e-07,0.00013494694741216548
263,-0.35861632191781234,0.0,-0.3014,0.7951,-1.0965,8759,0.0,1.1564808317038037e-07,0.00015079193278005044
264,-0.44009607252211375,0.0,-0.35600000000000004,0.7951,-1.1511,8759,0.0,1.1222789780878295e-07,0.00015868854092969368
265,0.57807988683213,0.0,0.7826000000000001,0.7951,-0.012499999999999956,8759,0.0,1.194999209052741e-07,0.00015158927486251444
266,0.09700029841605454,0.0,0.10189999999999999,0.7951,-0.6932,8759,0.0,1.204059692281398e-07,0.00015393097597186567
267,-0.7762001821660879,0.0,-0.5398,0.7951,-1.3349,8759,0.0,1.2854172350295052e-07,0.00015108947270275257
268,-0.2938186303383739,0.0,-0.2546,0.7951,-1.0497,8759,0.0,1.1906325373755462e-07,0.000155389287421796
269,0.5058768664823134,0.0,0.6584,0.7951,-0.13670000000000004,8759,0.0,1.1924137330402104e-07,0.00014834958278541247
270,-0.42476834017075515,0.0,-0.3461,0.7951,-1.1412,8759,0.0,1.3308009847375832e-07,0.00013788474177199746
271,-0.08228252922478542,0.0,-0.079,0.7951,-0.8741,8759,0.0,1.4010629677351765e-07,0.00013114203351834373
272,0.39236085193976167,0.0,0.4805,0.7951,-0.31460000000000005,8759,0.0,1.3575728624812302e-07,0.00012812610470695675
273,-0.46199171223597846,0.0,-0.37,0.7951,-1.1651,8759,0.0,1.176228716297342e-07,0.00013517398341660676
274,0.7529560697599669,0.0,1.1233,0.7951,0.32819999999999994,8759,0.0,1.3137400007439538e-07,0.00013618723851075709
275,0.8371476835883246,0.0,1.3097999999999999,0.7951,0.5146999999999998,8759,0.0,1.380001964707474e-07,0.00013050242134403657
276,0.8423181714499092,0.0,1.3216999999999999,0.7951,0.5265999999999998,8759,0.0,1.1704014711164846e-07,0.00013436808816996506
277,0.858478669349721,0.0,1.3596000000000001,0.7951,0.5645000000000001,8759,0.0,1.3673806508038733e-07,0.00012428244590404028
278,0.04258806432866179,0.0,0.0435,0.7951,-0.7516,8759,0.0,1.2884814087138906e-07,0.00012540352133032665
279,0.9710679544198523,0.0,1.6408,0.7951,0.8457,8759,0.0,1.3080777227767353e-07,0.00013656004985951927
280,-0.7120896308513338,0.0,-0.5094,0.7951,-1.3045,8759,0.0,1.35845692907895e-07,0.00014545619055374298
281,0.5788807137917081,0.0,0.784,0.7951,-0.011099999999999999,8759,0.0,1.2767812987249492e-07,0.00015645740460030338
282,0.2727201445522164,0.0,0.3135,0.7951,-0.48160000000000003,8759,0.0,1.2734341108363615e-07,0.00015051788638574678
283,-0.5646818606031511,0.0,-0.4315,0.7951,-1.2266,8759,0.0,1.2481059634860174e-07,0.00015703235649158485
284,1.0247959460770157,0.0,1.7865,0.7951,0.9914,8759,0.0,1.1115342925396578e-07,0.0001513756913575236
285,-0.08408897033664937,0.0,-0.08070000000000001,0.7951,-0.8758,8759,0.0,1.3892792638731882e-07,0.00014957435493675043
286,-0.459637879148037,0.0,-0.3685,0.7951,-1.1636,8759,0.0,1.1662919025605943e-07,0.00014743783814905943
287,0.5537327791126839,0.0,0.7397,0.7951,-0.055400000000000005,8759,0.0,1.201015541406529e-07,0.00015223066559011208
288,0.1891310559047169,0.0,0.2082,0.7951,-0.5869,8759,0.0,1.2475457345830538e-07,0.00014722623118692562
289,0.42707248165727707,0.0,0.5328,0.7951,-0.2623,8759,0.0,1.1804071781732579e-07,0.000142947590448669
290,0.9888311953124759,0.0,1.6881,0.7951,0.8929999999999999,8759,0.0,1.2892675968943116e-07,0.00014466234684161746
291,0.9658561688103838,0.0,1.6269999999999998,0.7951,0.8318999999999998,8759,0.0,1.2750125396670225e-07,0.000147832429691269
292,-0.28050960994333235,0.0,-0.2446,0.7951,-1.0397,8759,0.0,1.127073543798311e-07,0.00014777385711553889
293,-0.5757603591113538,0.0,-0.43770000000000003,0.7951,-1.2328000000000001,8759,0.0,1.0627674766877213e-07,0.0001571535194752218
294,-0.4727778148739772,0.0,-0.37670000000000003,0.7951,-1.1718000000000002,8759,0.0,1.1166210146426997e-07,0.00015674938546672776
295,-0.2912140636021486,0.0,-0.2526,0.7951,-1.0477,8759,0.0,1.2095862453409962e-07,0.0001550834038730463
296,0.28659105501508664,0.0,0.3319,0.7951,-0.46320000000000006,8759,0.0,1.2106754060207312e-07,0.00014967246780715724
297,-0.16738197566679414,0.0,-0.15410000000000001,0.7951,-0.9492,8759,0.0,1.2029707581296858e-07,0.00014945002980740527
298,0.3680023998958536,0.0,0.4448,0.7951,-0.35030000000000006,8759,0.0,1.1264646573308811e-07,0.0001507396991487528
299,0.6237134981627321,0.0,0.8658,0.7951,0.07069999999999999,8759,0.0,1.238928440031061e-07,0.00014235006913759202
300,-0.18333603639785503,0.0,-0.1675,0.7951,-0.9626,8759,0.0,1.302881359230976e-07,0.00014734256480965061
301,1.513742974625491,0.0,3.5437,0.7951,2.7485999999999997,8759,0.0,1.183757821948139e-07,0.00013669215916772473
302,-0.30966013645239765,0.0,-0.2663,0.7951,-1.0614,8759,0.0,1.2224306760683113e-07,0.0001396249533099935
303,-0.4264620385374448,0.0,-0.3472,0.7951,-1.1423,8759,0.0,1.2567427443593179e-07,0.0001430332285607508
304,-0.9203070297174524,0.0,-0.6015999999999999,0.7951,-1.3967,8759,0.0,1.113682415336833e-07,0.00014405310503000991
305,0.6314380852016686,0.0,0.8803,0.7951,0.08519999999999994,8759,0.0,1.3101244993860864e-07,0.00013889256819687765
306,1.1870198505470488,0.0,2.2773,0.7951,1.4821999999999997,8759,0.0,1.2387328430878974e-07,0.00014513955896801878
307,0.6372535587467958,0.0,0.8913,0.7951,0.09619999999999995,8759,0.0,1.2328709929017565e-07,0.00014442605498637007
308,0.8423857320062129,0.0,1.3219,0.7951,0.5268,8759,0.0,1.22595736273705e-07,0.00014539582045030835
309,-1.0751340364408635,0.0,-0.6587000000000001,0.7951,-1.4538000000000002,8759,0.0,1.2969986161397281e-07,0.00014201053826536094
310,0.4589048561122886,0.0,0.5822999999999999,0.7951,-0.2128000000000001,8759,0.0,1.253572290287184e-07,0.00013898562083444434
311,-0.7360645606295605,0.0,-0.521,0.7951,-1.3161,8759,0.0,1.3487888276608754e-07,0.00013890864099088613
312,0.14080393086468618,0.0,0.1512,0.7951,-0.6439,8759,0.0,1.1277750018881743e-07,0.00014608955421011187
313,0.4979446228701767,0.0,0.6453,0.7951,-0.14980000000000004,8759,0.0,1.2198992015836564e-07,0.00014040196622013747
314,-0.5941050467943585,0.0,-0.44789999999999996,0.7951,-1.2429999999999999,8759,0.0,1.2943161339276742e-07,0.00014848566730786992
315,0.29707477739832966,0.0,0.34590000000000004,0.7951,-0.4492,8759,0.0,1.1089657125101947e-07,0.0001460492995684829
316,0.012761662231205317,0.0,0.0128,0.7951,-0.7823,8759,0.0,1.1582324547899277e-07,0.00014739745513210815
317,0.6163695493762921,0.0,0.8522,0.7951,0.05709999999999993,8759,0.0,1.1815476001557783e-07,0.00015318724880340436
318,0.7472342375141156,0.0,1.1112,0.7951,0.31609999999999994,8759,0.0,1.2511880863632552e-07,0.00015185367929903794
319,0.5401978355120606,0.0,0.7162999999999999,0.7951,-0.07880000000000009,8759,0.0,1.1054833386275484e-07,0.00015854451037463718
320,0.4613202285957704,0.0,0.5861999999999999,0.7951,-0.20890000000000009,8759,0.0,1.1225884601148412e-07,0.0001548899235113934
321,-0.2352964328455265,0.0,-0.2097,0.7951,-1.0048,8759,0.0,1.153616475199051e-07,0.00015885064714737346
322,0.5989158662849238,0.0,0.8201,0.7951,0.025000000000000022,8759,0.0,1.1408973017352759e-07,0.000169375291937569
323,-0.4197778057850534,0.0,-0.3428,0.7951,-1.1379000000000001,8759,1.4446905665251956e-09,1.0425328096274908e-07,0.00017588039069454782
324,0.11371190070266415,0.0,0.1204,0.7951,-0.6747000000000001,8759,0.0,1.0681236704876371e-07,0.00017725976982377914
325,0.007102789683323122,0.0,0.0070999999999999995,0.7951,-0.788,8759,0.0,1.0265550999804969e-07,0.0001808568284491346
326,0.6418322113344298,0.0,0.9,0.7951,0.1049,8759,0.0,8.725712755513693e-08,0.0001843881576676733
327,0.06618414650925304,0.0,0.0684,0.7951,-0.7267,8759,0.0,1.0323486872566374e-07,0.00018326253311319883
328,-1.8221044829554482,0.0,-0.8382999999999999,0.7951,-1.6334,8759,0.0,9.362240993882696e-08,0.000188337199074814
329,-0.7483847401433693,0.0,-0.5268999999999999,0.7951,-1.322,8759,0.0,9.006108950617475e-08,0.0001866935778346747
330,0.622815120671077,0.0,0.8642,0.7951,0.06909999999999994,8759,0.0,8.373672970692173e-08,0.00018669766344325974
331,-0.45510731615062044,0.0,-0.36560000000000004,0.7951,-1.1607,8759,0.0,9.190383832201468e-08,0.0001850213098735693
332,-0.5203005864071988,0.0,-0.4057,0.7951,-1.2008,8759,0.0,8.979091391712598e-08,0.00018608728972341256
333,-0.1463340832296682,0.0,-0.1361,0.7951,-0.9312,8759,0.0,1.014644171650693e-07,0.00018623121738449335
334,0.035505902759110565,0.0,0.0361,0.7951,-0.759,8759,0.0,9.176203418686238e-08,0.00018729567394155358
335,-0.4832156888546559,0.0,-0.3832,0.7951,-1.1783000000000001,8759,0.0,7.728835665041522e-08,0.00019151451400748227
336,0.26296096509914024,0.0,0.30079999999999996,0.7951,-0.4943000000000001,8759,0.0,9.22086054131911e-08,0.00019044519250006588
337,-0.4599061562466751,0.0,-0.36869999999999997,0.7951,-1.1638,8759,0.0,9.84848347379407e-08,0.00019070910807223557
338,-0.12393250000505968,0.0,-0.1166,0.7951,-0.9117000000000001,8759,0.0,8.411293362278654e-08,0.0001876536503036327
339,-1.0817632014334733,0.0,-0.6609999999999999,0.7951,-1.4561,8759,0.0,9.004125507387005e-08,0.0001834728977230886
340,-0.3667120122329701,0.0,-0.307,0.7951,-1.1021,8759,0.0,1.0641985170248391e-07,0.00018123637983760024
341,0.12426073446245317,0.0,0.1323,0.7951,-0.6628000000000001,8759,0.0,7.89410760131483e-08,0.00018054826853941357
342,0.7732993638156049,0.0,1.1669,0.7951,0.3718,8759,0.0,8.438971957967094e-08,0.0001758548538651444
343,-0.5919930999013221,0.0,-0.4468,0.7951,-1.2419,8759,0.0,9.226090824768405e-08,0.00017609282535340583
344,0.11826100159828158,0.0,0.1255,0.7951,-0.6696,8759,0.0,9.942209432948185e-08,0.0001768642673855167
345,-0.6643036471934441,0.0,-0.4854,0.7951,-1.2805,8759,0.0,1.0128744331743631e-07,0.0001763426902726233
346,-1.1324065193429254,0.0,-0.6777,0.7951,-1.4727999999999999,8759,0.0,1.0485631287527462e-07,0.00017607462109193967
347,-1.5811401060501298,0.0,-0.7943000000000001,0.7951,-1.5894000000000001,8759,0.0,8.796793493429857e-08,0.00018053579492352713
348,0.5550046570878646,0.0,0.7419,0.7951,-0.053200000000000025,8759,0.0,8.824604432779881e-08,0.00017655585410529905
349,-0.3032527598634308,0.0,-0.2616,0.7951,-1.0567,8759,0.0,1.1019033092782296e-07,0.00017417562221957298
350,-0.8218965077806725,0.0,-0.5604,0.7951,-1.3555000000000001,8759,0.0,8.173198800978603e-08,0.0001749486239534865
351,0.01401025686435851,0.0,0.0141,0.7951,-0.781,8759,0.0,9.515579471504268e-08,0.000172807834619495
352,-0.017506547215569206,0.0,-0.0174,0.7951,-0.8125,8759,0.0,9.118812388869857e-08,0.0001766314126559676
353,-0.31379643375366384,0.0,-0.2693,0.7951,-1.0644,8759,0.0,1.0639925048252323e-07,0.00017748109382177384
354,0.31773866854123745,0.0,0.374,0.7951,-0.42110000000000003,8759,0.0,7.693213384011189e-08,0.00017641794627576302
355,0.5053238135856001,0.0,0.6575,0.7951,-0.13760000000000006,8759,0.0,1.0242203608999683e-07,0.0001742005136457066
356,-0.004854345637226254,0.0,-0.0048,0.7951,-0.7999,8759,0.0,9.652322412188037e-08,0.00016871716421212838
357,-0.9494100689815395,0.0,-0.613,0.7951,-1.4081000000000001,8759,0.0,8.723559223450465e-08,0.00017079433280766122
358,0.3318076423366107,0.0,0.3935,0.7951,-0.4016,8759,0.0,9.047929421559356e-08,0.00017482833163219718
359,-1.1305466811410543,0.0,-0.6770999999999999,0.7951,-1.4722,8759,0.0,9.44676347902633e-08,0.00017655796351872573
360,-0.8578353618968705,0.0,-0.5759000000000001,0.7951,-1.371,8759,0.0,7.634403487192299e-08,0.00017744414196997196
361,-0.0025557093551750445,0.0,-0.0026,0.7951,-0.7977000000000001,8759,0.0,9.227099495360682e-08,0.00017821578924365056
362,0.9567242479897496,0.0,1.6032,0.7951,0.8080999999999999,8759,0.0,7.497039818494859e-08,0.00017877018444349265
363,0.17270856964701678,0.0,0.1885,0.7951,-0.6066,8759,0.0,8.456798512210499e-08,0.00017889367807626366
364,0.35701510165304856,0.0,0.4291,0.7951,-0.36600000000000005,8759,0.0,8.201241221529813e-08,0.0001811663287099544
365,-0.02874080545399793,0.0,-0.028300000000000002,0.7951,-0.8234,8759,0.0,8.813975389908651e-08,0.0001785020029312975
366,0.7718708666118779,0.0,1.1638,0.7951,0.3686999999999999,8759,0.0,1.1588620232173389e-07,0.0001701786159772565
367,-0.16229730562657146,0.0,-0.14980000000000002,0.7951,-0.9449000000000001,8759,0.0,1.0077220769414148e-07,0.00017456064144308228
368,0.16110521383660706,0.0,0.1748,0.7951,-0.6203000000000001,8759,0.0,1.0600381450729165e-07,0.0001729801849594094
369,0.6167948904078672,0.0,0.853,0.7951,0.05789999999999995,8759,0.0,9.940768088981522e-08,0.00017563258395287193
370,0.726436664491392,0.0,1.0676999999999999,0.7951,0.27259999999999984,8759,0.0,9.832180991721055e-08,0.00017413257811555696
371,0.01811168743342529,0.0,0.0183,0.7951,-0.7768,8759,0.0,9.246597962232656e-08,0.00017561067886108901
372,-1.1240228289598955,0.0,-0.675,0.7951,-1.4701,8759,0.0,9.015468748366566e-08,0.00017768871421977714
373,-1.7732707401656678,0.0,-0.8301999999999999,0.7951,-1.6253,8759,0.0,1.0606611225413835e-07,0.00016811390410938817
374,-0.7901039634814397,0.0,-0.5462,0.7951,-1.3413,8759,0.0,1.1013000392626813e-07,0.00016080407633683487
375,-0.4108706717835577,0.0,-0.3369,0.7951,-1.1320000000000001,8759,0.0,1.082804481373693e-07,0.00015464448832311852
376,0.1131092313384222,0.0,0.1198,0.7951,-0.6753,8759,0.0,1.1577100378766317e-07,0.0001483306911484779
377,0.6765897863397066,0.0,0.9672,0.7951,0.17209999999999992,8759,0.0,1.0833102150074289e-07,0.0001507068037236819
378,-0.34758164909115435,0.0,-0.29359999999999997,0.7951,-1.0887,8759,0.0,1.0672552328076493e-07,0.0001566496818499927
379,-0.013401361825219692,0.0,-0.013300000000000001,0.7951,-0.8084,8759,0.0,1.1261869878176934e-07,0.000165650577403297
380,-0.4116708648173018,0.0,-0.3375,0.7951,-1.1326,8759,0.0,1.1464345570312775e-07,0.00016638497276120692
381,0.3828902658996414,0.0,0.46649999999999997,0.7951,-0.32860000000000006,8759,0.0,1.148878105718885e-07,0.00016861856483675172
382,0.6542203533892267,0.0,0.9236,0.7951,0.12849999999999995,8759,0.0,1.2437144639494595e-07,0.00016138997152273914
383,-0.5711101055838005,0.0,-0.4351,0.7951,-1.2302,8759,0.0,1.110262479695702e-07,0.00016734614934734525
384,0.29551509819351895,0.0,0.34380000000000005,0.7951,-0.4513,8759,0.0,1.0657448785582845e-07,0.0001652041308239886
385,-0.45120262074650314,0.0,-0.36310000000000003,0.7951,-1.1582000000000001,8759,0.0,1.0200380072410898e-07,0.00016100138722041472
386,0.28002785664672086,0.0,0.3232,0.7951,-0.47190000000000004,8759,0.0,1.0655357767007725e-07,0.0001547836415100086
387,1.0536643880283847,0.0,1.8681,0.7951,1.073,8759,0.0,1.0372247404205959e-07,0.00015677229016739994
388,1.0120514548031696,0.0,1.7512,0.7951,0.9561000000000001,8759,0.0,1.0785483037116273e-07,0.00015482640444996503
389,1.289066865051553,0.0,2.6294,0.7951,1.8342999999999998,8759,0.0,1.2152326605863991e-07,0.00014670159991360198
390,1.3224114801910274,0.0,2.7525,0.7951,1.9573999999999998,8759,0.0,1.1423509196280863e-07,0.00013965995272190805
391,-0.399925737805345,0.0,-0.3296,0.7951,-1.1247,8759,0.0,1.1004878899764445e-07,0.00014943722463598523
392,0.8498294615865437,0.0,1.3392,0.7951,0.5440999999999999,8759,0.0,1.1772386439503716e-07,0.00013919623347767604
393,0.2523829211060992,0.0,0.2871,0.7951,-0.508,8759,0.0,1.0542644451502953e-07,0.0001416429718767841
394,-0.4068795601620544,0.0,-0.3343,0.7951,-1.1294,8759,0.0,1.0548827067006591e-07,0.00013710061521991093
395,0.9443031248264903,0.0,1.571,0.7951,0.7758999999999999,8759,0.0,1.1668753264536335e-07,0.0001434112491064048
396,0.4163591767363772,0.0,0.5164,0.7951,-0.27870000000000006,8759,0.0,1.0323880459549061e-07,0.00015193294208250323
397,-0.3465316503709998,0.0,-0.2929,0.7951,-1.088,8759,0.0,1.0003599147429741e-07,0.00015858926547905592
398,0.494994983376227,0.0,0.6405,0.7951,-0.15460000000000007,8759,0.0,9.640591517853282e-08,0.00015707110366072104
399,-0.17697889412751458,0.0,-0.16219999999999998,0.7951,-0.9573,8759,0.0,9.989744465567866e-08,0.00015038331422839935
400,0.17439085380840513,0.0,0.1905,0.7951,-0.6046,8759,0.0,1.057526801326011e-07,0.00014933043338020223
401,-1.663937772766981,0.0,-0.8106,0.7951,-1.6057000000000001,8759,0.0,1.1102994945929206e-07,0.0001482620820266292
402,0.31418929457772937,0.0,0.3691,0.7951,-0.42600000000000005,8759,0.0,1.044972940446222e-07,0.00014745406099988693
403,0.9628915042843378,0.0,1.6193,0.7951,0.8241999999999999,8759,0.0,1.1837475585188288e-07,0.000132590962940098
404,1.7902122292217353,0.0,4.9907,0.7951,4.195600000000001,8759,0.0,1.1525117187682938e-07,0.0001295600871582152
405,0.10204541554200057,0.0,0.1074,0.7951,-0.6877,8759,0.0,1.0733669073865138e-07,0.0001360479758981231
406,0.09722886405461771,0.0,0.10210000000000001,0.7951,-0.6930000000000001,8759,0.0,1.196947596768502e-07,0.00013386156377763963
407,-0.3285052982639227,0.0,-0.28,0.7951,-1.0751,8759,0.0,1.2433769444108122e-07,0.00013440737383744263
408,1.2679431075980867,0.0,2.5535,0.7951,1.7584,8759,0.0,1.3199700836910632e-07,0.00012772645858201073
409,0.9212151482967411,0.0,1.5123,0.7951,0.7172,8759,0.0,1.2252350936583963e-07,0.00013265752622770846
410,0.03483827737869727,0.0,0.0355,0.7951,-0.7596,8759,0.0,1.10610907360175e-07,0.00013947490679774906
411,0.2660332628702547,0.0,0.3048,0.7951,-0.4903,8759,0.0,1.1828158465173185e-07,0.00014272292891581414
412,0.7012409200832339,0.0,1.0163,0.7951,0.22119999999999995,8759,0.0,9.895224677278191e-08,0.00014381465421427295
413,0.6759893939760635,0.0,0.966,0.7951,0.17089999999999994,8759,0.0,1.1187594807733924e-07,0.00014095591837734553
414,0.008935340012465227,0.0,0.009000000000000001,0.7951,-0.7861,8759,0.0,1.095794742122985e-07,0.0001454944304801662
415,1.0034813640090807,0.0,1.7278,0.7951,0.9327,8759,0.0,9.348886524822238e-08,0.00015656069219576078
416,-0.4454032650039578,0.0,-0.3594,0.7951,-1.1545,8759,0.0,1.1954864197156048e-07,0.00014753590035480044
417,-0.0664509117485424,0.0,-0.0643,0.7951,-0.8594,8759,0.0,9.901822220450526e-08,0.0001473058866960578
418,0.0032961314171401014,0.0,0.0033,0.7951,-0.7918000000000001,8759,0.0,9.937131275556819e-08,0.00014498320964716964
419,-0.10425893836213246,0.0,-0.099,0.7951,-0.8941,8759,0.0,1.0522740827499116e-07,0.0001487004188320926
420,0.6858051401794841,0.0,0.9854,0.7951,0.19030000000000002,8759,0.0,1.1145878600316404e-07,0.0001395534994044131
421,0.8192893687236192,0.0,1.2689,0.7951,0.4737999999999999,8759,0.0,1.0754884172034693e-07,0.00013937951142851894
422,1.0453577360622526,0.0,1.8444,0.7951,1.0493000000000001,8759,0.0,1.082628117544925e-07,0.00013930845669344892
423,0.45770476702821006,0.0,0.5804,0.7951,-0.2147,8759,0.0,1.1633853549690468e-07,0.00013641300696721735
424,0.8155513574682025,0.0,1.2604,0.7951,0.46529999999999994,8759,0.0,1.1601959810169302e-07,0.00014305085926839727
425,0.5159257408192114,0.0,0.6751999999999999,0.7951,-0.11990000000000012,8759,0.0,8.865583824454411e-08,0.00014785845719802654
426,-0.5161017517904947,0.0,-0.4032,0.7951,-1.1983000000000001,8759,0.0,1.0887495795774628e-07,0.00014676849416069116
427,1.6030681087340177,0.0,3.9682999999999997,0.7951,3.1731999999999996,8759,0.0,1.0451379203929671e-07,0.0001502078859106946
428,0.8281527934112235,0.0,1.2891,0.7951,0.4939999999999999,8759,0.0,1.0822176982446999e-07,0.00013635533162794885
429,0.12056320898666979,0.0,0.1281,0.7951,-0.667,8759,0.0,1.228858913251382e-07,0.0001295224333276
430,-0.17555277111115428,0.0,-0.161,0.7951,-0.9561000000000001,8759,0.0,1.2835599327401472e-07,0.0001255054396511015
431,1.7787020555301858,0.0,4.9222,0.7951,4.1271,8759,0.0,1.2060228110490016e-07,0.00012510688476606655
432,-0.6653656905344751,0.0,-0.48590000000000005,0.7951,-1.2810000000000001,8759,0.0,1.1955614272306976e-07,0.00012621242259354827
433,0.7867206462507428,0.0,1.1962000000000002,0.7951,0.4011000000000001,8759,0.0,1.2513080128815632e-07,0.00012973621858475395
434,1.0749877154567717,0.0,1.93,0.7951,1.1349,8759,0.0,1.2222404683214005e-07,0.0001311512859045808
435,0.8091057512835572,0.0,1.2459,0.7951,0.4508,8759,0.0,1.1678805703244944e-07,0.00012327066018454088
436,0.751518035676501,0.0,1.1201999999999999,0.7951,0.32509999999999983,8759,0.0,1.1694171145117836e-07,0.00011611178282905775
437,1.3694445417659638,0.0,2.9332,0.7951,2.1380999999999997,8759,0.0,1.1892026367120678e-07,0.000115960898872108
438,0.2965140229575334,0.0,0.3452,0.7951,-0.4499,8759,0.0,1.2433576612734993e-07,0.00011029528807172278
439,0.9928769330769852,0.0,1.699,0.7951,0.9039,8759,0.0,1.207352716689126e-07,0.00011199338741269064
440,-0.017217529959783776,0.0,-0.0171,0.7951,-0.8122,8759,0.0,1.1749743202811316e-07,0.00010852644559579745
441,0.9781260080089249,0.0,1.6595,0.7951,0.8644,8759,0.0,1.0255140793554118e-07,0.00011081940795478485
442,1.3322584093528043,0.0,2.7895999999999996,0.7951,1.9944999999999995,8759,0.0,1.0934064324999092e-07,0.00011891930163114122
443,1.4173059027598507,0.0,3.1260000000000003,0.7951,2.3309,8759,0.0,1.1079838506848035e-07,0.0001154686837708866
444,0.4023474351529483,0.0,0.4953,0.7951,-0.2998,8759,0.0,1.1425739976461441e-07,0.00011266267379483719
445,1.1242586321948413,0.0,2.0779,0.7951,1.2828,8759,0.0,1.1866857703744636e-07,0.00010137626894049555
446,0.46869637348665255,0.0,0.5979,0.7951,-0.19720000000000004,8759,0.0,1.2552066377664456e-07,9.181117313404923e-05
447,1.0444638527111945,0.0,1.8418999999999999,0.7951,1.0467999999999997,8759,0.0,1.4180125018212034e-07,7.313232079220923e-05
448,1.4771916709287924,0.0,3.3806,0.7951,2.5854999999999997,8759,0.0,1.3704651162694848e-07,7.077769110944863e-05
449,1.247505447216195,0.0,2.4816,0.7951,1.6864999999999997,8759,0.0,1.446118074334848e-07,7.205966647490952e-05
450,0.3838671346276122,0.0,0.46799999999999997,0.7951,-0.32710000000000006,8759,0.0,1.3138022808524167e-07,6.0557002338242796e-05
451,1.052700458150685,0.0,1.8654,0.7951,1.0703,8759,0.0,1.4414540676501632e-07,6.226412231185507e-05
452,0.9566565821194306,0.0,1.6030000000000002,0.7951,0.8079000000000002,8759,0.0,1.3630817482346937e-07,5.4759797984773985e-05
453,1.0490476195080467,0.0,1.8549,0.7951,1.0598,8759,0.0,1.333842494159886e-07,4.710377689297343e-05
454,0.8116499321347657,0.0,1.2516,0.7951,0.4565,8759,0.0,1.3893141271786265e-07,6.121618491941046e-05
455,0.8759775293490037,0.0,1.4012,0.7951,0.6061,8759,0.0,1.3513734048373752e-07,5.0575127138055756e-05
456,0.9637675567584681,0.0,1.6216,0.7951,0.8264999999999999,8759,0.0,1.3688948024293132e-07,4.5076532032869536e-05
457,1.0405689336449493,0.0,1.8308000000000002,0.7951,1.0357000000000003,8759,0.0,1.3739647130122253e-07,5.594205883687129e-05
458,1.4442409243080003,0.0,3.2386,0.7951,2.4435,8759,0.0,1.4696514663538228e-07,5.1173982929110934e-05
459,1.1716824802095793,0.0,2.2274000000000003,0.7951,1.4323000000000001,8759,0.0,1.2898565070583805e-07,3.2402251227828436e-05
460,1.3840686357154153,0.0,2.9911000000000003,0.7951,2.196,8759,0.0,1.4469355047072026e-07,4.0211356315184604e-05
461,1.2459758219856294,0.0,2.4763,0.7951,1.6812,8759,0.0,1.5620493790225902e-07,4.295743814077051e-05
462,1.0633427079568556,0.0,1.896,0.7951,1.1008999999999998,8759,0.0,1.6160219839505738e-07,3.882104788930706e-05
463,1.2449682735697865,0.0,2.4728,0.7951,1.6776999999999997,8759,0.0,1.544947198943466e-07,4.5475126037111216e-05
464,1.3423408376084656,0.0,2.8280000000000003,0.7951,2.0329,8759,0.0,1.4373851078804024e-07,4.434507596133177e-05
465,1.292243859863485,0.0,2.6409,0.7951,1.8457999999999997,8759,0.0,1.3120506728641188e-07,3.803348695275382e-05
466,1.2261452164973177,0.0,2.4081,0.7951,1.613,8759,0.0,1.475884787996814e-07,4.181717489725291e-05
467,0.9743599711824744,0.0,1.6495,0.7951,0.8543999999999999,8759,0.0,1.5703788099365633e-07,4.017062189903894e-05
468,1.1628393380324085,0.0,2.199,0.7951,1.4038999999999997,8759,0.0,1.4927711928580954e-07,4.373113557629423e-05
469,1.6649011073770486,0.0,4.2852,0.7951,3.4900999999999995,8759,0.0,1.507470541570314e-07,5.939136326533609e-05
470,1.3399490909681373,0.0,2.8188,0.7951,2.0237,8759,0.0,1.4931496235638276e-07,6.482022142278907e-05
471,1.8633347606674462,0.0,5.4452,0.7951,4.6501,8759,0.0,1.313811932971361e-07,6.993884168907577e-05
472,1.5361900217768725,0.0,3.6469,0.7951,2.8518,8759,0.0,1.3419292018132015e-07,4.981140830093909e-05
473,1.3194538012704276,0.0,2.7414,0.7951,1.9463,8759,0.0,1.4525775625017587e-07,4.227370362087911e-05
474,1.1937170070658591,0.0,2.2993,0.7951,1.5042,8759,0.0,1.308057780428324e-07,3.329132273083481e-05
475,1.380896054110487,0.0,2.9785000000000004,0.7951,2.1834000000000002,8759,0.0,1.2154945378949262e-07,1.8362839316736512e-05
476,1.3965630486802418,0.0,3.0413,0.7951,2.2462,8759,0.0,1.344437521750551e-07,2.460894197695436e-05
477,1.379388579704398,0.0,2.9725,0.7951,2.1774,8759,0.0,1.558446123214233e-07,2.567288233340374e-05
478,1.2104279653746677,0.0,2.3549,0.7951,1.5598,8759,0.0,1.497812595228879e-07,2.275162355608477e-05
479,1.4515134004598114,0.0,3.2695999999999996,0.7951,2.4744999999999995,8759,0.0,1.3546558201422763e-07,2.345258296647932e-05
480,1.64090001905072,0.0,4.159800000000001,0.7951,3.3647000000000005,8759,0.0,1.5776971831040136e-07,2.0585925375324084e-05
481,1.4408299780176297,0.0,3.2242,0.7951,2.4291,8759,0.0,1.7270793808208528e-07,2.214621602744847e-05
482,1.576623714977073,0.0,3.8386,0.7951,3.0435,8759,0.0,1.7496941591421405e-07,2.9285401352933074e-05
483,1.2167144387847617,0.0,2.3761,0.7951,1.581,8759,0.0,1.6378695775854875e-07,2.375082359361695e-05
484,1.4405652160690143,0.0,3.2231,0.7951,2.428,8759,0.0,1.7679896546482513e-07,2.159844148558662e-05
485,1.3289515692877123,0.0,2.7771,0.7951,1.9819999999999998,8759,0.0,1.9109323899787535e-07,2.1536213159295416e-05
486,1.3892938761962688,0.0,3.012,0.7951,2.2169,8759,0.0,1.8819226785200266e-07,1.2355456742381368e-05
487,1.6516741994383435,0.0,4.2157,0.7951,3.4206,8759,1.3527553083601624e-09,1.7337237818240412e-07,1.3421241017922128e-05
488,1.5638033917177823,0.0,3.7769999999999997,0.7951,2.9818999999999996,8759,0.0,1.9254200096904797e-07,1.0335541801340566e-05
489,1.614216517019794,0.0,4.024,0.7951,3.2289,8759,0.0,2.0222172228030075e-07,1.3853150710171942e-05
490,1.3067891055842895,0.0,2.6943,0.7951,1.8992,8759,0.0,1.95477753722324e-07,1.584076833385294e-05
491,1.6332452104085637,0.0,4.1205,0.7951,3.3253999999999997,8759,0.0,1.8431153077427454e-07,1.8268793090590168e-05
492,1.6101558048554352,0.0,4.0036000000000005,0.7951,3.2085000000000004,8759,0.0,1.7507972046072257e-07,2.002749509651909e-05
493,1.5677463479572977,0.0,3.7958,0.7951,3.0006999999999997,8759,0.0,1.8990094534809194e-07,1.4745825405357514e-05
494,1.543271970220838,0.0,3.6799,0.7951,2.8848,8759,0.0,1.9059714973407913e-07,1.2885709646104712e-05
495,1.1854812032413802,0.0,2.2723,0.7951,1.4771999999999998,8759,0.0,2.0191064076899393e-07,1.1239042091650922e-05
496,1.4310486426363378,0.0,3.1831,0.7951,2.388,8759,0.0,2.2319598971683675e-07,1.2557809894886592e-05
497,1.3665396879690292,0.0,2.9218,0.7951,2.1267,8759,0.0,2.1959972566922648e-07,1.4870125116997343e-05
498,1.0765394257041778,0.0,1.9344999999999999,0.7951,1.1393999999999997,8759,0.0,2.088964835926133e-07,2.7831308396127468e-05
499,1.1875283737016906,0.0,2.279,0.7951,1.4838999999999998,8759,0.0,1.8847710936608745e-07,2.9848001870804404e-05
500,1.5406137150336963,0.0,3.6675,0.7951,2.8724,8759,0.0,1.867956241095365e-07,4.3019657069883816e-05
